candidate_id,current_title,years_of_experience,location,country,semantic_score,skill_required_score,skill_preferred_score,title_career_score,experience_score,location_score,education_score,behavior_modifier,is_honeypot,honeypot_reasons,overall_score,matched_required_skills,missing_required_skills,title_career_reasons
CAND_0018499,Senior Machine Learning Engineer,7.2,"Noida, Uttar Pradesh",India,0.8483317,0.4107142857142857,0.2714285714285714,0.95,1.0,1.0,1.0,1.05,False,,0.99,"['embeddings', 'retrieval', 'ranking', 'faiss', 'pinecone', 'weaviate', 'milvus', 'bge']","['hybrid search', 'sentence-transformers', 'elasticsearch', 'opensearch', 'qdrant', 'e5']","[""current title 'Senior Machine Learning Engineer' is a direct match for this JD's target roles""]"
CAND_0077337,Staff Machine Learning Engineer,7.0,"Kochi, Kerala",India,0.90473235,0.37142857142857144,0.3071428571428571,0.95,1.0,0.75,1.0,1.05,False,,0.9892529216094836,"['embeddings', 'retrieval', 'ranking', 'sentence-transformers', 'opensearch', 'pinecone', 'qdrant', 'bge']","['hybrid search', 'faiss', 'elasticsearch', 'weaviate', 'milvus', 'e5']","[""current title 'Staff Machine Learning Engineer' is a direct match for this JD's target roles""]"
CAND_0011162,Recommendation Systems Engineer,5.8,"Coimbatore, Tamil Nadu",India,0.8569406,0.4571428571428572,0.2642857142857143,0.95,1.0,0.75,1.0,1.0478,False,,0.9863788817166923,"['embeddings', 'ranking', 'faiss', 'opensearch', 'pinecone', 'weaviate', 'milvus']","['retrieval', 'hybrid search', 'sentence-transformers', 'elasticsearch', 'qdrant', 'bge', 'e5']","[""current title 'Recommendation Systems Engineer' is a direct match for this JD's target roles""]"
CAND_0011687,Senior NLP Engineer,7.8,"Indore, Madhya Pradesh",India,0.86517745,0.4107142857142857,0.17142857142857143,0.95,1.0,0.75,1.0,1.05,False,,0.9700980337487136,"['embeddings', 'retrieval', 'ranking', 'faiss', 'opensearch', 'pinecone', 'weaviate', 'bge']","['hybrid search', 'sentence-transformers', 'elasticsearch', 'qdrant', 'milvus', 'e5']","[""current title 'Senior NLP Engineer' is a direct match for this JD's target roles""]"
CAND_0068811,Applied ML Engineer,8.0,"Pune, Maharashtra",India,0.87012666,0.38571428571428573,0.125,0.95,1.0,1.0,0.8,1.05,False,,0.964004198854452,"['embeddings', 'ranking', 'opensearch', 'pinecone', 'weaviate', 'qdrant']","['retrieval', 'hybrid search', 'sentence-transformers', 'faiss', 'elasticsearch', 'milvus', 'bge', 'e5']","[""current title 'Applied ML Engineer' is a direct match for this JD's target roles""]"
CAND_0081846,Lead AI Engineer,6.7,"Jaipur, Rajasthan",India,0.853729,0.37857142857142856,0.19999999999999998,0.95,1.0,0.75,1.0,1.05,False,,0.9603348308772827,"['embeddings', 'retrieval', 'ranking', 'sentence-transformers', 'faiss', 'elasticsearch', 'qdrant', 'bge']","['hybrid search', 'opensearch', 'pinecone', 'weaviate', 'milvus', 'e5']","[""current title 'Lead AI Engineer' is a direct match for this JD's target roles""]"
CAND_0002025,Senior AI Engineer,5.9,"Trivandrum, Kerala",India,0.87226164,0.33214285714285713,0.2357142857142857,0.95,1.0,0.75,1.0,1.05,False,,0.9592154527087202,"['embeddings', 'ranking', 'faiss', 'opensearch', 'pinecone', 'weaviate']","['retrieval', 'hybrid search', 'sentence-transformers', 'elasticsearch', 'qdrant', 'milvus', 'bge', 'e5']","[""current title 'Senior AI Engineer' is a direct match for this JD's target roles""]"
CAND_0046064,Senior NLP Engineer,8.9,"Coimbatore, Tamil Nadu",India,0.8594127,0.35625,0.4178571428571428,0.95,1.0,0.75,1.0,1.02745,False,,0.9582055660415886,"['embeddings', 'retrieval', 'ranking', 'faiss', 'elasticsearch', 'opensearch', 'pinecone', 'bge']","['hybrid search', 'sentence-transformers', 'weaviate', 'qdrant', 'milvus', 'e5']","[""current title 'Senior NLP Engineer' is a direct match for this JD's target roles""]"
CAND_0046525,Senior Machine Learning Engineer,6.1,"Pune, Maharashtra",India,0.8571249,0.28928571428571426,0.23214285714285715,0.95,1.0,1.0,1.0,1.05,False,,0.9580581770083149,"['embeddings', 'retrieval', 'ranking', 'faiss', 'elasticsearch', 'qdrant', 'bge']","['hybrid search', 'sentence-transformers', 'opensearch', 'pinecone', 'weaviate', 'milvus', 'e5']","[""current title 'Senior Machine Learning Engineer' is a direct match for this JD's target roles""]"
CAND_0039754,Senior Applied Scientist,16.2,"Indore, Madhya Pradesh",India,0.89455456,0.4928571428571429,0.3071428571428571,0.95,0.6000000000000001,0.75,1.0,1.05,False,,0.9547637996512127,"['embeddings', 'retrieval', 'ranking', 'sentence-transformers', 'faiss', 'elasticsearch', 'opensearch', 'pinecone', 'weaviate', 'qdrant', 'bge']","['hybrid search', 'milvus', 'e5']","[""current title 'Senior Applied Scientist' is a direct match for this JD's target roles""]"
CAND_0071974,Senior AI Engineer,7.8,"Vizag, Andhra Pradesh",India,0.8879205,0.4642857142857143,0.26071428571428573,0.95,1.0,0.75,1.0,1.0001499999999999,False,,0.9543311295480125,"['embeddings', 'retrieval', 'ranking', 'elasticsearch', 'pinecone', 'weaviate', 'qdrant', 'bge']","['hybrid search', 'sentence-transformers', 'faiss', 'opensearch', 'milvus', 'e5']","[""current title 'Senior AI Engineer' is a direct match for this JD's target roles""]"
CAND_0099806,AI Engineer,4.6,"Bhubaneswar, Odisha",India,0.8367897,0.42142857142857143,0.17500000000000002,0.95,0.9199999999999999,0.75,1.0,1.05,False,,0.9498849433079405,"['embeddings', 'retrieval', 'ranking', 'faiss', 'elasticsearch', 'weaviate', 'qdrant']","['hybrid search', 'sentence-transformers', 'opensearch', 'pinecone', 'milvus', 'bge', 'e5']","[""current title 'AI Engineer' is a direct match for this JD's target roles""]"
CAND_0088025,Staff Machine Learning Engineer,8.6,"Jaipur, Rajasthan",India,0.8895431,0.24642857142857144,0.4220238095238095,0.95,1.0,0.75,0.8,1.04795,False,,0.9482720633235173,"['retrieval', 'ranking', 'elasticsearch', 'pinecone', 'bge']","['embeddings', 'hybrid search', 'sentence-transformers', 'faiss', 'opensearch', 'weaviate', 'qdrant', 'milvus', 'e5']","[""current title 'Staff Machine Learning Engineer' is a direct match for this JD's target roles""]"
CAND_0079387,AI Engineer,6.9,"Trivandrum, Kerala",India,0.8673197,0.3,0.2714285714285714,0.95,1.0,0.75,1.0,1.0396999999999998,False,,0.9433579428014174,"['embeddings', 'retrieval', 'ranking', 'sentence-transformers', 'faiss', 'elasticsearch', 'opensearch', 'pinecone', 'bge']","['hybrid search', 'weaviate', 'qdrant', 'milvus', 'e5']","[""current title 'AI Engineer' is a direct match for this JD's target roles""]"
CAND_0050876,Applied ML Engineer,6.0,"Kolkata, West Bengal",India,0.88044727,0.2642857142857143,0.19999999999999998,0.95,1.0,0.75,1.0,1.05,False,,0.9412118854212856,"['embeddings', 'ranking', 'faiss', 'opensearch', 'qdrant']","['retrieval', 'hybrid search', 'sentence-transformers', 'elasticsearch', 'pinecone', 'weaviate', 'milvus', 'bge', 'e5']","[""current title 'Applied ML Engineer' is a direct match for this JD's target roles""]"
CAND_0055905,Senior Machine Learning Engineer,8.1,London,UK,0.862908,0.37857142857142856,0.24285714285714285,0.95,1.0,0.3,1.0,1.05,False,,0.939310029210803,"['embeddings', 'retrieval', 'ranking', 'sentence-transformers', 'faiss', 'elasticsearch', 'opensearch', 'bge']","['hybrid search', 'pinecone', 'weaviate', 'qdrant', 'milvus', 'e5']","[""current title 'Senior Machine Learning Engineer' is a direct match for this JD's target roles""]"
CAND_0061655,Machine Learning Engineer,4.6,"Jaipur, Rajasthan",India,0.8748827,0.3392857142857143,0.17857142857142858,0.95,0.9199999999999999,0.75,1.0,1.0446499999999999,False,,0.9390009275882746,"['embeddings', 'ranking', 'elasticsearch', 'opensearch', 'pinecone', 'qdrant']","['retrieval', 'hybrid search', 'sentence-transformers', 'faiss', 'weaviate', 'milvus', 'bge', 'e5']","[""current title 'Machine Learning Engineer' is a direct match for this JD's target roles""]"
CAND_0096142,Applied ML Engineer,5.0,"Hyderabad, Telangana",India,0.85285354,0.23214285714285715,0.35000000000000003,0.95,1.0,1.0,1.0,1.03305,False,,0.9384326527486615,"['embeddings', 'retrieval', 'ranking', 'pinecone', 'weaviate']","['hybrid search', 'sentence-transformers', 'faiss', 'elasticsearch', 'opensearch', 'qdrant', 'milvus', 'bge', 'e5']","[""current title 'Applied ML Engineer' is a direct match for this JD's target roles""]"
CAND_0050454,AI Engineer,6.8,"Delhi, Delhi",India,0.8514614,0.30357142857142855,0.21428571428571427,0.95,1.0,1.0,1.0,1.0270499999999998,False,,0.9367769025920178,"['retrieval', 'ranking', 'sentence-transformers', 'faiss', 'elasticsearch', 'qdrant', 'bge']","['embeddings', 'hybrid search', 'opensearch', 'pinecone', 'weaviate', 'milvus', 'e5']","[""current title 'AI Engineer' is a direct match for this JD's target roles""]"
CAND_0007009,Recommendation Systems Engineer,7.9,"Noida, Uttar Pradesh",India,0.84967643,0.38571428571428573,0.32857142857142857,0.95,1.0,1.0,0.8,1.0056,False,,0.9357662820596805,"['embeddings', 'retrieval', 'sentence-transformers', 'faiss', 'elasticsearch', 'opensearch', 'pinecone', 'weaviate', 'bge']","['ranking', 'hybrid search', 'qdrant', 'milvus', 'e5']","[""current title 'Recommendation Systems Engineer' is a direct match for this JD's target roles""]"
CAND_0042506,Search Engineer,4.2,"Mumbai, Maharashtra",India,0.87652206,0.32857142857142857,0.19999999999999998,0.95,0.8400000000000001,1.0,0.8,1.05,False,,0.9347432333573451,"['embeddings', 'retrieval', 'ranking', 'faiss', 'pinecone', 'qdrant', 'milvus']","['hybrid search', 'sentence-transformers', 'elasticsearch', 'opensearch', 'weaviate', 'bge', 'e5']","[""current title 'Search Engineer' is a direct match for this JD's target roles""]"
CAND_0027691,NLP Engineer,6.5,"Pune, Maharashtra",India,0.8528442,0.31607142857142856,0.3,0.95,1.0,1.0,0.8,1.02195,False,,0.931839199364626,"['embeddings', 'retrieval', 'ranking', 'sentence-transformers', 'faiss', 'elasticsearch', 'weaviate', 'bge']","['hybrid search', 'opensearch', 'pinecone', 'qdrant', 'milvus', 'e5']","[""current title 'NLP Engineer' is a direct match for this JD's target roles""]"
CAND_0086022,Senior Applied Scientist,5.3,"Kolkata, West Bengal",India,0.8981949,0.3392857142857143,0.37142857142857144,0.95,1.0,0.75,1.0,0.99305,False,,0.9316410636445174,"['embeddings', 'retrieval', 'ranking', 'faiss', 'elasticsearch', 'pinecone', 'bge']","['hybrid search', 'sentence-transformers', 'opensearch', 'weaviate', 'qdrant', 'milvus', 'e5']","[""current title 'Senior Applied Scientist' is a direct match for this JD's target roles""]"
CAND_0044222,AI Engineer,7.7,"Vizag, Andhra Pradesh",India,0.8586314,0.38392857142857145,0.17142857142857143,0.95,1.0,0.75,1.0,1.01665,False,,0.9301526730027537,"['retrieval', 'ranking', 'sentence-transformers', 'faiss', 'elasticsearch', 'opensearch', 'weaviate', 'qdrant', 'bge']","['embeddings', 'hybrid search', 'pinecone', 'milvus', 'e5']","[""current title 'AI Engineer' is a direct match for this JD's target roles""]"
CAND_0093912,Senior Data Scientist,5.3,"Chandigarh, Chandigarh",India,0.85284096,0.37857142857142856,0.0,0.95,1.0,0.75,0.8,1.05,False,,0.9264915130227762,"['embeddings', 'retrieval', 'ranking', 'sentence-transformers', 'faiss', 'elasticsearch', 'milvus', 'bge']","['hybrid search', 'opensearch', 'pinecone', 'weaviate', 'qdrant', 'e5']","[""current title 'Senior Data Scientist' is a direct match for this JD's target roles""]"
CAND_0041669,Recommendation Systems Engineer,8.0,"Noida, Uttar Pradesh",India,0.87638986,0.37142857142857144,0.18898809523809526,0.95,1.0,1.0,1.0,0.9894499999999999,False,,0.9255826209038351,"['embeddings', 'retrieval', 'ranking', 'faiss', 'pinecone', 'weaviate', 'qdrant', 'milvus']","['hybrid search', 'sentence-transformers', 'elasticsearch', 'opensearch', 'bge', 'e5']","[""current title 'Recommendation Systems Engineer' is a direct match for this JD's target roles""]"
CAND_0029367,Senior Data Scientist,5.7,"Bangalore, Karnataka",India,0.85010695,0.2928571428571428,0.21071428571428572,0.95,1.0,0.75,0.8,1.05,False,,0.9250665569958609,"['embeddings', 'retrieval', 'sentence-transformers', 'faiss', 'elasticsearch', 'pinecone', 'bge']","['ranking', 'hybrid search', 'opensearch', 'weaviate', 'qdrant', 'milvus', 'e5']","[""current title 'Senior Data Scientist' is a direct match for this JD's target roles""]"
CAND_0006418,Machine Learning Engineer,5.7,"Gurgaon, Haryana",India,0.8430786,0.425,0.03571428571428571,0.95,1.0,0.75,1.0,1.0189499999999998,False,,0.9231184899980085,"['embeddings', 'retrieval', 'ranking', 'elasticsearch', 'opensearch', 'weaviate', 'qdrant']","['hybrid search', 'sentence-transformers', 'faiss', 'pinecone', 'milvus', 'bge', 'e5']","[""current title 'Machine Learning Engineer' is a direct match for this JD's target roles""]"
CAND_0064326,Search Engineer,7.6,"Gurgaon, Haryana",India,0.8605485,0.25357142857142856,0.25,0.95,1.0,0.75,0.8,1.05,False,,0.9230284345372605,"['embeddings', 'retrieval', 'ranking', 'pinecone', 'weaviate', 'milvus']","['hybrid search', 'sentence-transformers', 'faiss', 'elasticsearch', 'opensearch', 'qdrant', 'bge', 'e5']","[""current title 'Search Engineer' is a direct match for this JD's target roles""]"
CAND_0052682,NLP Engineer,6.6,"Vizag, Andhra Pradesh",India,0.86869746,0.19999999999999998,0.22142857142857145,0.95,1.0,0.75,1.0,1.0485,False,,0.9209953405449557,"['embeddings', 'ranking', 'faiss', 'pinecone']","['retrieval', 'hybrid search', 'sentence-transformers', 'elasticsearch', 'opensearch', 'weaviate', 'qdrant', 'milvus', 'bge', 'e5']","[""current title 'NLP Engineer' is a direct match for this JD's target roles""]"
CAND_0030031,AI Engineer,5.7,"Trivandrum, Kerala",India,0.86863333,0.125,0.42857142857142855,0.95,1.0,0.75,1.0,1.046,False,,0.920791700312214,"['embeddings', 'ranking', 'milvus']","['retrieval', 'hybrid search', 'sentence-transformers', 'faiss', 'elasticsearch', 'opensearch', 'pinecone', 'weaviate', 'qdrant', 'bge', 'e5']","[""current title 'AI Engineer' is a direct match for this JD's target roles""]"
CAND_0000031,Recommendation Systems Engineer,6.0,"Hyderabad, Telangana",India,0.85080504,0.28214285714285714,0.03571428571428571,0.95,1.0,1.0,0.8,1.05,False,,0.9206426976032845,"['embeddings', 'retrieval', 'ranking', 'faiss', 'pinecone']","['hybrid search', 'sentence-transformers', 'elasticsearch', 'opensearch', 'weaviate', 'qdrant', 'milvus', 'bge', 'e5']","[""current title 'Recommendation Systems Engineer' is a direct match for this JD's target roles""]"
CAND_0062247,AI Engineer,7.3,"Kochi, Kerala",India,0.865806,0.32857142857142857,0.1571428571428571,0.95,1.0,0.75,1.0,1.0184,False,,0.9191795481974679,"['retrieval', 'ranking', 'sentence-transformers', 'faiss', 'elasticsearch', 'pinecone', 'qdrant', 'bge']","['embeddings', 'hybrid search', 'opensearch', 'weaviate', 'milvus', 'e5']","[""current title 'AI Engineer' is a direct match for this JD's target roles""]"
CAND_0065195,Search Engineer,5.1,"Kolkata, West Bengal",India,0.85472226,0.2571428571428572,0.09285714285714286,0.95,1.0,0.75,1.0,1.05,False,,0.9183834965542725,"['embeddings', 'retrieval', 'ranking', 'elasticsearch', 'pinecone', 'qdrant']","['hybrid search', 'sentence-transformers', 'faiss', 'opensearch', 'weaviate', 'milvus', 'bge', 'e5']","[""current title 'Search Engineer' is a direct match for this JD's target roles""]"
CAND_0036184,Recommendation Systems Engineer,6.0,"Trivandrum, Kerala",India,0.8375237,0.3392857142857143,0.07142857142857142,0.95,1.0,0.75,0.8,1.05,False,,0.9178097806506698,"['embeddings', 'retrieval', 'sentence-transformers', 'faiss', 'elasticsearch', 'pinecone', 'bge']","['ranking', 'hybrid search', 'opensearch', 'weaviate', 'qdrant', 'milvus', 'e5']","[""current title 'Recommendation Systems Engineer' is a direct match for this JD's target roles""]"
CAND_0052328,Recommendation Systems Engineer,6.5,"Pune, Maharashtra",India,0.8685621,0.18571428571428572,0.22857142857142856,0.95,1.0,1.0,1.0,1.02975,False,,0.9173811020833956,"['embeddings', 'retrieval', 'ranking', 'opensearch', 'pinecone']","['hybrid search', 'sentence-transformers', 'faiss', 'elasticsearch', 'weaviate', 'qdrant', 'milvus', 'bge', 'e5']","[""current title 'Recommendation Systems Engineer' is a direct match for this JD's target roles""]"
CAND_0054394,Recommendation Systems Engineer,4.1,"Pune, Maharashtra",India,0.86246467,0.325,0.0,0.95,0.82,1.0,1.0,1.04775,False,,0.9155998696979151,"['embeddings', 'retrieval', 'ranking', 'sentence-transformers', 'faiss', 'elasticsearch', 'pinecone', 'bge']","['hybrid search', 'opensearch', 'weaviate', 'qdrant', 'milvus', 'e5']","[""current title 'Recommendation Systems Engineer' is a direct match for this JD's target roles""]"
CAND_0095528,Senior Data Scientist,5.3,"Indore, Madhya Pradesh",India,0.8822826,0.30357142857142855,0.17500000000000002,0.95,1.0,0.75,1.0,1.01195,False,,0.9150611166256447,"['embeddings', 'retrieval', 'ranking', 'elasticsearch', 'opensearch', 'qdrant']","['hybrid search', 'sentence-transformers', 'faiss', 'pinecone', 'weaviate', 'milvus', 'bge', 'e5']","[""current title 'Senior Data Scientist' is a direct match for this JD's target roles""]"
CAND_0014440,Recommendation Systems Engineer,6.4,"Chennai, Tamil Nadu",India,0.8573181,0.3535714285714286,0.0,0.95,1.0,0.75,1.0,1.0218,False,,0.9095619942498733,"['retrieval', 'ranking', 'faiss', 'elasticsearch', 'qdrant', 'milvus']","['embeddings', 'hybrid search', 'sentence-transformers', 'opensearch', 'pinecone', 'weaviate', 'bge', 'e5']","[""current title 'Recommendation Systems Engineer' is a direct match for this JD's target roles""]"
CAND_0066376,Applied ML Engineer,5.7,"Mumbai, Maharashtra",India,0.8884673,0.2571428571428572,0.17857142857142858,0.95,1.0,1.0,1.0,0.998,False,,0.9090052741177541,"['embeddings', 'retrieval', 'ranking', 'sentence-transformers', 'faiss', 'elasticsearch', 'bge']","['hybrid search', 'opensearch', 'pinecone', 'weaviate', 'qdrant', 'milvus', 'e5']","[""current title 'Applied ML Engineer' is a direct match for this JD's target roles""]"
CAND_0018549,Recommendation Systems Engineer,6.8,"Coimbatore, Tamil Nadu",India,0.8899262,0.41428571428571426,0.05714285714285715,0.95,1.0,0.75,1.0,0.9843,False,,0.9081850014855855,"['embeddings', 'ranking', 'elasticsearch', 'opensearch', 'weaviate', 'qdrant', 'milvus']","['retrieval', 'hybrid search', 'sentence-transformers', 'faiss', 'pinecone', 'bge', 'e5']","[""current title 'Recommendation Systems Engineer' is a direct match for this JD's target roles""]"
CAND_0072660,Machine Learning Engineer,7.1,Berlin,Germany,0.8549957,0.25,0.28214285714285714,0.95,1.0,0.3,1.0,1.05,False,,0.907169131963442,"['ranking', 'faiss', 'elasticsearch', 'opensearch']","['embeddings', 'retrieval', 'hybrid search', 'sentence-transformers', 'pinecone', 'weaviate', 'qdrant', 'milvus', 'bge', 'e5']","[""current title 'Machine Learning Engineer' is a direct match for this JD's target roles""]"
CAND_0040887,Machine Learning Engineer,4.7,Toronto,Canada,0.8537481,0.3464285714285714,0.2357142857142857,0.95,0.9400000000000001,0.3,0.8,1.05,False,,0.9045885202620454,"['embeddings', 'retrieval', 'ranking', 'sentence-transformers', 'faiss', 'elasticsearch', 'pinecone', 'milvus', 'bge']","['hybrid search', 'opensearch', 'weaviate', 'qdrant', 'e5']","[""current title 'Machine Learning Engineer' is a direct match for this JD's target roles""]"
CAND_0075249,Applied ML Engineer,6.2,"Ahmedabad, Gujarat",India,0.8820368,0.35000000000000003,0.03571428571428571,0.95,1.0,0.75,1.0,1.00125,False,,0.9030132315174368,"['embeddings', 'retrieval', 'ranking', 'sentence-transformers', 'faiss', 'elasticsearch', 'pinecone', 'milvus', 'bge']","['hybrid search', 'opensearch', 'weaviate', 'qdrant', 'e5']","[""current title 'Applied ML Engineer' is a direct match for this JD's target roles""]"
CAND_0076163,NLP Engineer,6.9,"Chandigarh, Chandigarh",India,0.8583181,0.23392857142857143,0.08928571428571429,0.95,1.0,0.75,0.8,1.05,False,,0.9005385045420418,"['ranking', 'elasticsearch', 'opensearch', 'weaviate']","['embeddings', 'retrieval', 'hybrid search', 'sentence-transformers', 'faiss', 'pinecone', 'qdrant', 'milvus', 'bge', 'e5']","[""current title 'NLP Engineer' is a direct match for this JD's target roles""]"
CAND_0075574,Machine Learning Engineer,5.7,"Bangalore, Karnataka",India,0.84925175,0.36428571428571427,0.07857142857142858,0.95,1.0,0.75,1.0,1.0031999999999999,False,,0.9004019461880426,"['embeddings', 'ranking', 'elasticsearch', 'opensearch', 'pinecone', 'weaviate', 'qdrant']","['retrieval', 'hybrid search', 'sentence-transformers', 'faiss', 'milvus', 'bge', 'e5']","[""current title 'Machine Learning Engineer' is a direct match for this JD's target roles""]"
CAND_0066999,Recommendation Systems Engineer,5.9,"Delhi, Delhi",India,0.8616916,0.31428571428571433,0.0,0.95,1.0,1.0,1.0,1.0024,False,,0.8996178090501146,"['embeddings', 'ranking', 'faiss', 'opensearch', 'pinecone']","['retrieval', 'hybrid search', 'sentence-transformers', 'elasticsearch', 'weaviate', 'qdrant', 'milvus', 'bge', 'e5']","[""current title 'Recommendation Systems Engineer' is a direct match for this JD's target roles""]"
CAND_0040117,Recommendation Systems Engineer,6.5,"Vizag, Andhra Pradesh",India,0.8629229,0.2357142857142857,0.25,0.95,1.0,0.75,1.0,1.0119999999999998,False,,0.8984914164330325,"['embeddings', 'retrieval', 'ranking', 'faiss', 'pinecone']","['hybrid search', 'sentence-transformers', 'elasticsearch', 'opensearch', 'weaviate', 'qdrant', 'milvus', 'bge', 'e5']","[""current title 'Recommendation Systems Engineer' is a direct match for this JD's target roles""]"
CAND_0061265,Recommendation Systems Engineer,6.6,"Delhi, Delhi",India,0.863425,0.39999999999999997,0.07142857142857142,0.95,1.0,1.0,1.0,0.9686499999999999,False,,0.8971154069653683,"['embeddings', 'retrieval', 'ranking', 'sentence-transformers', 'faiss', 'elasticsearch', 'qdrant', 'milvus', 'bge']","['hybrid search', 'opensearch', 'pinecone', 'weaviate', 'e5']","[""current title 'Recommendation Systems Engineer' is a direct match for this JD's target roles""]"
CAND_0049538,Applied ML Engineer,5.8,"Jaipur, Rajasthan",India,0.86241525,0.3535714285714286,0.07142857142857142,0.95,1.0,0.75,1.0,0.9966499999999999,False,,0.8960332714843248,"['embeddings', 'retrieval', 'ranking', 'elasticsearch', 'opensearch', 'milvus']","['hybrid search', 'sentence-transformers', 'faiss', 'pinecone', 'weaviate', 'qdrant', 'bge', 'e5']","[""current title 'Applied ML Engineer' is a direct match for this JD's target roles""]"
CAND_0081852,Senior Data Scientist,5.9,"Delhi, Delhi",India,0.8466091,0.18214285714285713,0.1142857142857143,0.95,1.0,1.0,0.8,1.0434999999999999,False,,0.8957706759084173,"['embeddings', 'pinecone', 'weaviate', 'milvus']","['retrieval', 'ranking', 'hybrid search', 'sentence-transformers', 'faiss', 'elasticsearch', 'opensearch', 'qdrant', 'bge', 'e5']","[""current title 'Senior Data Scientist' is a direct match for this JD's target roles""]"
CAND_0041610,Recommendation Systems Engineer,6.7,"Indore, Madhya Pradesh",India,0.8555569,0.30357142857142855,0.08928571428571429,0.95,1.0,0.75,0.8,1.0251500000000002,False,,0.8957054446870673,"['embeddings', 'retrieval', 'ranking', 'elasticsearch', 'opensearch', 'pinecone']","['hybrid search', 'sentence-transformers', 'faiss', 'weaviate', 'qdrant', 'milvus', 'bge', 'e5']","[""current title 'Recommendation Systems Engineer' is a direct match for this JD's target roles""]"
CAND_0064904,AI Engineer,4.9,"Hyderabad, Telangana",India,0.8762518,0.3098214285714286,0.1285714285714286,0.95,0.9800000000000001,1.0,0.8,0.9945999999999999,False,,0.8942785742348416,"['embeddings', 'ranking', 'elasticsearch', 'opensearch', 'weaviate']","['retrieval', 'hybrid search', 'sentence-transformers', 'faiss', 'pinecone', 'qdrant', 'milvus', 'bge', 'e5']","[""current title 'AI Engineer' is a direct match for this JD's target roles""]"
CAND_0081053,NLP Engineer,5.4,"Chandigarh, Chandigarh",India,0.87816226,0.26785714285714285,0.19999999999999998,0.95,1.0,0.75,1.0,0.9969499999999999,False,,0.8936934749373725,"['embeddings', 'ranking', 'opensearch', 'weaviate', 'qdrant']","['retrieval', 'hybrid search', 'sentence-transformers', 'faiss', 'elasticsearch', 'pinecone', 'milvus', 'bge', 'e5']","[""current title 'NLP Engineer' is a direct match for this JD's target roles""]"
CAND_0074225,Machine Learning Engineer,4.3,"Vizag, Andhra Pradesh",India,0.82850283,0.28928571428571426,0.22142857142857145,0.95,0.86,0.75,0.8,1.0476,False,,0.8932072994430421,"['embeddings', 'ranking', 'elasticsearch', 'pinecone', 'qdrant', 'milvus']","['retrieval', 'hybrid search', 'sentence-transformers', 'faiss', 'opensearch', 'weaviate', 'bge', 'e5']","[""current title 'Machine Learning Engineer' is a direct match for this JD's target roles""]"
CAND_0008239,AI Engineer,4.0,"Jaipur, Rajasthan",India,0.86348605,0.31428571428571433,0.1357142857142857,0.95,0.8,0.75,1.0,1.03,False,,0.8926576738962462,"['ranking', 'faiss', 'elasticsearch', 'weaviate', 'milvus']","['embeddings', 'retrieval', 'hybrid search', 'sentence-transformers', 'opensearch', 'pinecone', 'qdrant', 'bge', 'e5']","[""current title 'AI Engineer' is a direct match for this JD's target roles""]"
CAND_0036437,Search Engineer,4.8,"Kolkata, West Bengal",India,0.85536355,0.42142857142857143,0.0,0.95,0.96,0.75,0.8,1.00115,False,,0.8889505806942108,"['retrieval', 'ranking', 'faiss', 'elasticsearch', 'opensearch', 'weaviate', 'milvus']","['embeddings', 'hybrid search', 'sentence-transformers', 'pinecone', 'qdrant', 'bge', 'e5']","[""current title 'Search Engineer' is a direct match for this JD's target roles""]"
CAND_0006567,Senior AI Engineer,7.9,"Noida, Uttar Pradesh",India,0.8583013,0.07142857142857142,0.17202380952380952,0.95,1.0,1.0,1.0,1.0407,False,,0.8882382223270887,"['retrieval', 'ranking']","['embeddings', 'hybrid search', 'sentence-transformers', 'faiss', 'elasticsearch', 'opensearch', 'pinecone', 'weaviate', 'qdrant', 'milvus', 'bge', 'e5']","[""current title 'Senior AI Engineer' is a direct match for this JD's target roles""]"
CAND_0053591,AI Engineer,5.3,Toronto,Canada,0.83207977,0.33125,0.10357142857142856,0.95,1.0,0.3,0.8,1.05,False,,0.887957488800096,"['embeddings', 'ranking', 'opensearch', 'pinecone', 'qdrant', 'milvus']","['retrieval', 'hybrid search', 'sentence-transformers', 'faiss', 'elasticsearch', 'weaviate', 'bge', 'e5']","[""current title 'AI Engineer' is a direct match for this JD's target roles""]"
CAND_0077285,Recommendation Systems Engineer,5.5,"Ahmedabad, Gujarat",India,0.84079075,0.30476190476190473,0.1875,0.95,1.0,0.75,0.8,1.0102,False,,0.887186875789155,"['embeddings', 'ranking', 'faiss', 'pinecone', 'milvus']","['retrieval', 'hybrid search', 'sentence-transformers', 'elasticsearch', 'opensearch', 'weaviate', 'qdrant', 'bge', 'e5']","[""current title 'Recommendation Systems Engineer' is a direct match for this JD's target roles""]"
CAND_0020708,Search Engineer,4.2,"Indore, Madhya Pradesh",India,0.85409284,0.26279761904761906,0.1392857142857143,0.95,0.8400000000000001,0.75,0.8,1.0441,False,,0.8817772156833268,"['retrieval', 'sentence-transformers', 'faiss', 'elasticsearch', 'milvus', 'bge']","['embeddings', 'ranking', 'hybrid search', 'opensearch', 'pinecone', 'weaviate', 'qdrant', 'e5']","[""current title 'Search Engineer' is a direct match for this JD's target roles""]"
CAND_0010685,NLP Engineer,6.7,"Kolkata, West Bengal",India,0.86019874,0.2357142857142857,0.1285714285714286,0.95,1.0,0.75,0.65,1.03315,False,,0.8817311264238873,"['retrieval', 'ranking', 'sentence-transformers', 'faiss', 'elasticsearch', 'bge']","['embeddings', 'hybrid search', 'opensearch', 'pinecone', 'weaviate', 'qdrant', 'milvus', 'e5']","[""current title 'NLP Engineer' is a direct match for this JD's target roles""]"
CAND_0026532,Recommendation Systems Engineer,4.8,"Chennai, Tamil Nadu",India,0.8678447,0.4428571428571429,0.17142857142857143,0.95,0.96,0.75,1.0,0.95075,False,,0.881234211771082,"['embeddings', 'retrieval', 'ranking', 'sentence-transformers', 'faiss', 'elasticsearch', 'pinecone', 'milvus', 'bge']","['hybrid search', 'opensearch', 'weaviate', 'qdrant', 'e5']","[""current title 'Recommendation Systems Engineer' is a direct match for this JD's target roles""]"
CAND_0078492,Recommendation Systems Engineer,5.1,"Kochi, Kerala",India,0.86694527,0.25,0.07142857142857142,0.95,1.0,0.75,1.0,1.00625,False,,0.8807646035052384,"['ranking', 'faiss', 'elasticsearch', 'qdrant']","['embeddings', 'retrieval', 'hybrid search', 'sentence-transformers', 'opensearch', 'pinecone', 'weaviate', 'milvus', 'bge', 'e5']","[""current title 'Recommendation Systems Engineer' is a direct match for this JD's target roles""]"
CAND_0030468,Senior Applied Scientist,5.4,"Indore, Madhya Pradesh",India,0.8249819,0.17857142857142858,0.03571428571428571,0.95,1.0,0.75,1.0,1.05,False,,0.8807502948484184,"['ranking', 'opensearch', 'milvus']","['embeddings', 'retrieval', 'hybrid search', 'sentence-transformers', 'faiss', 'elasticsearch', 'pinecone', 'weaviate', 'qdrant', 'bge', 'e5']","[""current title 'Senior Applied Scientist' is a direct match for this JD's target roles""]"
CAND_0095619,NLP Engineer,15.6,"Mumbai, Maharashtra",India,0.87042814,0.24642857142857144,0.07142857142857142,0.95,0.6333333333333333,1.0,1.0,1.05,False,,0.8788980420742238,"['ranking', 'elasticsearch', 'pinecone', 'weaviate']","['embeddings', 'retrieval', 'hybrid search', 'sentence-transformers', 'faiss', 'opensearch', 'qdrant', 'milvus', 'bge', 'e5']","[""current title 'NLP Engineer' is a direct match for this JD's target roles""]"
CAND_0061257,Staff Machine Learning Engineer,8.0,"Noida, Uttar Pradesh",India,0.840562,0.03571428571428571,0.1392857142857143,0.95,1.0,1.0,1.0,1.05,False,,0.8767409658876713,['ranking'],"['embeddings', 'retrieval', 'hybrid search', 'sentence-transformers', 'faiss', 'elasticsearch', 'opensearch', 'pinecone', 'weaviate', 'qdrant', 'milvus', 'bge', 'e5']","[""current title 'Staff Machine Learning Engineer' is a direct match for this JD's target roles""]"
CAND_0053695,Recommendation Systems Engineer,5.8,"Bhubaneswar, Odisha",India,0.85824317,0.32857142857142857,0.03571428571428571,0.95,1.0,0.75,1.0,0.98665,False,,0.8760145758513812,"['embeddings', 'retrieval', 'ranking', 'sentence-transformers', 'faiss', 'elasticsearch', 'pinecone', 'bge']","['hybrid search', 'opensearch', 'weaviate', 'qdrant', 'milvus', 'e5']","[""current title 'Recommendation Systems Engineer' is a direct match for this JD's target roles""]"
CAND_0067866,Senior Software Engineer (ML),6.4,"Noida, Uttar Pradesh",India,0.6910628,0.23482142857142854,0.18541666666666665,0.95,1.0,1.0,1.0,1.05,False,,0.8750172151410655,"['embeddings', 'ranking', 'elasticsearch', 'qdrant']","['retrieval', 'hybrid search', 'sentence-transformers', 'faiss', 'opensearch', 'pinecone', 'weaviate', 'milvus', 'bge', 'e5']","[""current title 'Senior Software Engineer (ML)' is a direct match for this JD's target roles""]"
CAND_0010257,Senior Data Scientist,6.5,"Noida, Uttar Pradesh",India,0.8629999,0.26785714285714285,0.14285714285714285,0.95,1.0,1.0,0.8,0.9827499999999998,False,,0.8729807200349605,"['embeddings', 'ranking', 'opensearch', 'qdrant', 'milvus']","['retrieval', 'hybrid search', 'sentence-transformers', 'faiss', 'elasticsearch', 'pinecone', 'weaviate', 'bge', 'e5']","[""current title 'Senior Data Scientist' is a direct match for this JD's target roles""]"
CAND_0005538,Senior AI Engineer,5.9,"Kolkata, West Bengal",India,0.87387156,0.05714285714285715,0.20357142857142854,0.95,1.0,0.75,0.8,1.05,False,,0.8727743890641004,"['embeddings', 'ranking']","['retrieval', 'hybrid search', 'sentence-transformers', 'faiss', 'elasticsearch', 'opensearch', 'pinecone', 'weaviate', 'qdrant', 'milvus', 'bge', 'e5']","[""current title 'Senior AI Engineer' is a direct match for this JD's target roles""]"
CAND_0039838,Recommendation Systems Engineer,4.9,"Kochi, Kerala",India,0.8520236,0.24285714285714285,0.24642857142857144,0.95,0.9800000000000001,0.75,1.0,0.98885,False,,0.8724448794574046,"['embeddings', 'ranking', 'opensearch', 'milvus']","['retrieval', 'hybrid search', 'sentence-transformers', 'faiss', 'elasticsearch', 'pinecone', 'weaviate', 'qdrant', 'bge', 'e5']","[""current title 'Recommendation Systems Engineer' is a direct match for this JD's target roles""]"
CAND_0078002,Machine Learning Engineer,6.3,"Coimbatore, Tamil Nadu",India,0.8486258,0.15327380952380953,0.21428571428571427,0.95,1.0,0.75,1.0,1.0155,False,,0.8721473535170836,"['embeddings', 'retrieval', 'ranking', 'weaviate']","['hybrid search', 'sentence-transformers', 'faiss', 'elasticsearch', 'opensearch', 'pinecone', 'qdrant', 'milvus', 'bge', 'e5']","[""current title 'Machine Learning Engineer' is a direct match for this JD's target roles""]"
CAND_0015578,AI Engineer,5.4,"Delhi, Delhi",India,0.8433645,0.21428571428571427,0.21071428571428572,0.95,1.0,1.0,1.0,0.983,False,,0.8717838240599011,"['embeddings', 'faiss', 'pinecone']","['retrieval', 'ranking', 'hybrid search', 'sentence-transformers', 'elasticsearch', 'opensearch', 'weaviate', 'qdrant', 'milvus', 'bge', 'e5']","[""current title 'AI Engineer' is a direct match for this JD's target roles""]"
CAND_0069905,Applied ML Engineer,6.6,"Bhubaneswar, Odisha",India,0.8519964,0.3,0.16428571428571428,0.95,1.0,0.75,0.8,0.9915999999999999,False,,0.8715237084127819,"['embeddings', 'retrieval', 'ranking', 'sentence-transformers', 'faiss', 'elasticsearch', 'pinecone', 'weaviate', 'bge']","['hybrid search', 'opensearch', 'qdrant', 'milvus', 'e5']","[""current title 'Applied ML Engineer' is a direct match for this JD's target roles""]"
CAND_0039383,Applied ML Engineer,7.1,"Gurgaon, Haryana",India,0.8407595,0.2857142857142857,0.2413690476190476,0.95,1.0,0.75,1.0,0.9770999999999999,False,,0.8706958605704107,"['retrieval', 'ranking', 'sentence-transformers', 'faiss', 'elasticsearch', 'bge']","['embeddings', 'hybrid search', 'opensearch', 'pinecone', 'weaviate', 'qdrant', 'milvus', 'e5']","[""current title 'Applied ML Engineer' is a direct match for this JD's target roles""]"
CAND_0051004,Senior Data Scientist,4.7,"Delhi, Delhi",India,0.84983927,0.16071428571428573,0.16071428571428573,0.95,0.9400000000000001,1.0,1.0,1.0089000000000001,False,,0.8700277860126667,"['embeddings', 'pinecone', 'qdrant']","['retrieval', 'ranking', 'hybrid search', 'sentence-transformers', 'faiss', 'elasticsearch', 'opensearch', 'weaviate', 'milvus', 'bge', 'e5']","[""current title 'Senior Data Scientist' is a direct match for this JD's target roles""]"
CAND_0051292,Applied ML Engineer,5.2,"Trivandrum, Kerala",India,0.8586117,0.32053571428571426,0.21071428571428572,0.95,1.0,0.75,0.8,0.9734999999999999,False,,0.8673296825606821,"['embeddings', 'retrieval', 'ranking', 'sentence-transformers', 'faiss', 'elasticsearch', 'pinecone', 'bge']","['hybrid search', 'opensearch', 'weaviate', 'qdrant', 'milvus', 'e5']","[""current title 'Applied ML Engineer' is a direct match for this JD's target roles""]"
CAND_0009024,Search Engineer,5.2,"Chennai, Tamil Nadu",India,0.8789015,0.2642857142857143,0.17857142857142858,0.95,1.0,0.75,1.0,0.96995,False,,0.8668633070551052,"['embeddings', 'ranking', 'faiss', 'opensearch', 'qdrant']","['retrieval', 'hybrid search', 'sentence-transformers', 'elasticsearch', 'pinecone', 'weaviate', 'milvus', 'bge', 'e5']","[""current title 'Search Engineer' is a direct match for this JD's target roles""]"
CAND_0010770,Recommendation Systems Engineer,15.2,"Kolkata, West Bengal",India,0.86833096,0.2571428571428572,0.05714285714285715,0.95,0.6555555555555557,0.75,1.0,1.05,False,,0.8667059629870151,"['retrieval', 'ranking', 'sentence-transformers', 'faiss', 'elasticsearch', 'qdrant', 'bge']","['embeddings', 'hybrid search', 'opensearch', 'pinecone', 'weaviate', 'milvus', 'e5']","[""current title 'Recommendation Systems Engineer' is a direct match for this JD's target roles""]"
CAND_0008425,Senior NLP Engineer,7.8,"Kolkata, West Bengal",India,0.86372626,0.2357142857142857,0.3071428571428571,0.95,1.0,0.75,1.0,0.9692,False,,0.8662154780451615,"['retrieval', 'ranking', 'sentence-transformers', 'pinecone', 'qdrant', 'bge']","['embeddings', 'hybrid search', 'faiss', 'elasticsearch', 'opensearch', 'weaviate', 'milvus', 'e5']","[""current title 'Senior NLP Engineer' is a direct match for this JD's target roles""]"
CAND_0091909,Machine Learning Engineer,6.9,"Bangalore, Karnataka",India,0.8679445,0.26339285714285715,0.16428571428571428,0.95,1.0,0.75,1.0,0.97475,False,,0.8656408160878666,"['embeddings', 'ranking', 'opensearch', 'pinecone', 'qdrant']","['retrieval', 'hybrid search', 'sentence-transformers', 'faiss', 'elasticsearch', 'weaviate', 'milvus', 'bge', 'e5']","[""current title 'Machine Learning Engineer' is a direct match for this JD's target roles""]"
CAND_0009691,Applied ML Engineer,6.2,"Indore, Madhya Pradesh",India,0.8918898,0.2642857142857143,0.19999999999999998,0.95,1.0,0.75,0.8,0.9744499999999999,False,,0.865636621128331,"['embeddings', 'ranking', 'faiss', 'pinecone', 'qdrant']","['retrieval', 'hybrid search', 'sentence-transformers', 'elasticsearch', 'opensearch', 'weaviate', 'milvus', 'bge', 'e5']","[""current title 'Applied ML Engineer' is a direct match for this JD's target roles""]"
CAND_0005260,Senior NLP Engineer,5.2,"Chennai, Tamil Nadu",India,0.8559134,0.19999999999999998,0.4107142857142857,0.95,1.0,0.75,1.0,0.9700000000000001,False,,0.8655009201722259,"['embeddings', 'retrieval', 'ranking', 'faiss', 'bge']","['hybrid search', 'sentence-transformers', 'elasticsearch', 'opensearch', 'pinecone', 'weaviate', 'qdrant', 'milvus', 'e5']","[""current title 'Senior NLP Engineer' is a direct match for this JD's target roles""]"
CAND_0004402,AI Research Engineer,6.0,"Delhi, Delhi",India,0.7304899,0.15714285714285717,0.125,0.95,1.0,1.0,1.0,1.05,False,,0.8640125421545491,"['ranking', 'opensearch', 'qdrant']","['embeddings', 'retrieval', 'hybrid search', 'sentence-transformers', 'faiss', 'elasticsearch', 'pinecone', 'weaviate', 'milvus', 'bge', 'e5']","[""current title 'AI Research Engineer' is a direct match for this JD's target roles""]"
CAND_0058688,AI Engineer,6.7,Berlin,Germany,0.8654042,0.17857142857142858,0.10357142857142856,0.95,1.0,0.55,1.0,1.0176,False,,0.8630071300929938,"['embeddings', 'ranking', 'milvus']","['retrieval', 'hybrid search', 'sentence-transformers', 'faiss', 'elasticsearch', 'opensearch', 'pinecone', 'weaviate', 'qdrant', 'bge', 'e5']","[""current title 'AI Engineer' is a direct match for this JD's target roles""]"
CAND_0043228,Applied ML Engineer,6.8,"Chennai, Tamil Nadu",India,0.85293764,0.32857142857142857,0.07142857142857142,0.95,1.0,0.75,1.0,0.9647500000000001,False,,0.8580684297624988,"['retrieval', 'ranking', 'sentence-transformers', 'faiss', 'elasticsearch', 'opensearch', 'weaviate', 'bge']","['embeddings', 'hybrid search', 'pinecone', 'qdrant', 'milvus', 'e5']","[""current title 'Applied ML Engineer' is a direct match for this JD's target roles""]"
CAND_0074735,Applied ML Engineer,5.5,"Chandigarh, Chandigarh",India,0.84997773,0.17857142857142858,0.09285714285714286,0.95,1.0,0.75,1.0,1.00465,False,,0.8575905350335838,"['embeddings', 'elasticsearch', 'pinecone', 'weaviate']","['retrieval', 'ranking', 'hybrid search', 'sentence-transformers', 'faiss', 'opensearch', 'qdrant', 'milvus', 'bge', 'e5']","[""current title 'Applied ML Engineer' is a direct match for this JD's target roles""]"
CAND_0037944,Senior Data Scientist,4.9,"Jaipur, Rajasthan",India,0.84183764,0.2357142857142857,0.3306547619047619,0.95,0.9800000000000001,0.75,1.0,0.96885,False,,0.857478672095839,"['embeddings', 'retrieval', 'ranking', 'opensearch', 'pinecone']","['hybrid search', 'sentence-transformers', 'faiss', 'elasticsearch', 'weaviate', 'qdrant', 'milvus', 'bge', 'e5']","[""current title 'Senior Data Scientist' is a direct match for this JD's target roles""]"
CAND_0025640,AI Research Engineer,5.6,"Jaipur, Rajasthan",India,0.70767754,0.23214285714285715,0.11041666666666668,0.95,1.0,0.75,1.0,1.05,False,,0.8569126119053716,"['ranking', 'faiss', 'elasticsearch', 'opensearch']","['embeddings', 'retrieval', 'hybrid search', 'sentence-transformers', 'pinecone', 'weaviate', 'qdrant', 'milvus', 'bge', 'e5']","[""current title 'AI Research Engineer' is a direct match for this JD's target roles""]"
CAND_0015582,ML Engineer,4.4,"Trivandrum, Kerala",India,0.7183871,0.33303571428571427,0.05714285714285715,0.95,0.8800000000000001,0.75,1.0,1.0423499999999999,False,,0.8567188497905307,"['embeddings', 'ranking', 'opensearch', 'pinecone', 'weaviate', 'qdrant']","['retrieval', 'hybrid search', 'sentence-transformers', 'faiss', 'elasticsearch', 'milvus', 'bge', 'e5']","[""current title 'ML Engineer' is a direct match for this JD's target roles""]"
CAND_0037566,Machine Learning Engineer,6.9,"Bangalore, Karnataka",India,0.83858657,0.2357142857142857,0.22857142857142856,0.95,1.0,0.75,0.8,0.9903,False,,0.8561179666246617,"['embeddings', 'retrieval', 'ranking', 'elasticsearch', 'pinecone']","['hybrid search', 'sentence-transformers', 'faiss', 'opensearch', 'weaviate', 'qdrant', 'milvus', 'bge', 'e5']","[""current title 'Machine Learning Engineer' is a direct match for this JD's target roles""]"
CAND_0042100,Machine Learning Engineer,7.3,Singapore,Singapore,0.8677475,0.17857142857142858,0.10714285714285714,0.95,1.0,0.55,0.8,1.0225499999999998,False,,0.85589795834618,"['ranking', 'elasticsearch', 'pinecone']","['embeddings', 'retrieval', 'hybrid search', 'sentence-transformers', 'faiss', 'opensearch', 'weaviate', 'qdrant', 'milvus', 'bge', 'e5']","[""current title 'Machine Learning Engineer' is a direct match for this JD's target roles""]"
CAND_0005649,Senior Data Scientist,7.4,"Delhi, Delhi",India,0.8549733,0.3,0.17142857142857143,0.95,1.0,1.0,0.8,0.9551,False,,0.855810192332177,"['embeddings', 'retrieval', 'ranking', 'sentence-transformers', 'faiss', 'elasticsearch', 'pinecone', 'weaviate', 'bge']","['hybrid search', 'opensearch', 'qdrant', 'milvus', 'e5']","[""current title 'Senior Data Scientist' is a direct match for this JD's target roles""]"
CAND_0079064,Senior Data Scientist,5.2,"Noida, Uttar Pradesh",India,0.85750914,0.31428571428571433,0.16071428571428573,0.95,1.0,1.0,0.65,0.9593,False,,0.8539946711398498,"['embeddings', 'retrieval', 'sentence-transformers', 'faiss', 'elasticsearch', 'opensearch', 'pinecone', 'bge']","['ranking', 'hybrid search', 'weaviate', 'qdrant', 'milvus', 'e5']","[""current title 'Senior Data Scientist' is a direct match for this JD's target roles""]"
CAND_0007460,AI Engineer,4.7,"Pune, Maharashtra",India,0.86403495,0.17500000000000002,0.2857142857142857,0.95,0.9400000000000001,1.0,0.65,0.9906499999999999,False,,0.8538228422216436,"['embeddings', 'ranking', 'weaviate']","['retrieval', 'hybrid search', 'sentence-transformers', 'faiss', 'elasticsearch', 'opensearch', 'pinecone', 'qdrant', 'milvus', 'bge', 'e5']","[""current title 'AI Engineer' is a direct match for this JD's target roles""]"
CAND_0010149,ML Engineer,6.9,"Bangalore, Karnataka",India,0.71614134,0.17142857142857143,0.1994047619047619,0.95,1.0,0.75,1.0,1.05,False,,0.853711208188316,"['ranking', 'elasticsearch', 'milvus']","['embeddings', 'retrieval', 'hybrid search', 'sentence-transformers', 'faiss', 'opensearch', 'pinecone', 'weaviate', 'qdrant', 'bge', 'e5']","[""current title 'ML Engineer' is a direct match for this JD's target roles""]"
CAND_0054123,Applied ML Engineer,4.7,"Gurgaon, Haryana",India,0.8766309,0.35000000000000003,0.09613095238095237,0.95,0.9400000000000001,0.75,1.0,0.9498,False,,0.8519626342221921,"['embeddings', 'retrieval', 'ranking', 'sentence-transformers', 'faiss', 'elasticsearch', 'weaviate', 'qdrant', 'bge']","['hybrid search', 'opensearch', 'pinecone', 'milvus', 'e5']","[""current title 'Applied ML Engineer' is a direct match for this JD's target roles""]"
CAND_0076831,Search Engineer,4.0,"Delhi, Delhi",India,0.8470173,0.20327380952380952,0.10714285714285714,0.95,0.8,1.0,1.0,1.00675,False,,0.8515942719363266,"['retrieval', 'ranking', 'weaviate', 'milvus']","['embeddings', 'hybrid search', 'sentence-transformers', 'faiss', 'elasticsearch', 'opensearch', 'pinecone', 'qdrant', 'bge', 'e5']","[""current title 'Search Engineer' is a direct match for this JD's target roles""]"
CAND_0070202,Machine Learning Engineer,5.1,"Jaipur, Rajasthan",India,0.8768806,0.21428571428571427,0.25,0.95,1.0,0.75,1.0,0.9572,False,,0.849722315822142,"['embeddings', 'retrieval', 'ranking', 'qdrant']","['hybrid search', 'sentence-transformers', 'faiss', 'elasticsearch', 'opensearch', 'pinecone', 'weaviate', 'milvus', 'bge', 'e5']","[""current title 'Machine Learning Engineer' is a direct match for this JD's target roles""]"
CAND_0030348,Machine Learning Engineer,4.5,"Noida, Uttar Pradesh",India,0.8610203,0.3,0.1285714285714286,0.95,0.9,1.0,0.8,0.96505,False,,0.8486032656211815,"['embeddings', 'retrieval', 'ranking', 'sentence-transformers', 'faiss', 'elasticsearch', 'bge']","['hybrid search', 'opensearch', 'pinecone', 'weaviate', 'qdrant', 'milvus', 'e5']","[""current title 'Machine Learning Engineer' is a direct match for this JD's target roles""]"
CAND_0018722,Recommendation Systems Engineer,6.6,Toronto,Canada,0.8519136,0.2571428571428572,0.14285714285714285,0.95,1.0,0.55,0.8,0.9931,False,,0.8480907625947678,"['retrieval', 'ranking', 'sentence-transformers', 'faiss', 'elasticsearch', 'weaviate', 'bge']","['embeddings', 'hybrid search', 'opensearch', 'pinecone', 'qdrant', 'milvus', 'e5']","[""current title 'Recommendation Systems Engineer' is a direct match for this JD's target roles""]"
CAND_0013536,Applied ML Engineer,14.1,"Trivandrum, Kerala",India,0.8351779,0.39285714285714285,0.17500000000000002,0.95,0.7166666666666667,0.75,0.65,1.0012999999999999,False,,0.8467303475988486,"['embeddings', 'ranking', 'faiss', 'elasticsearch', 'pinecone', 'milvus']","['retrieval', 'hybrid search', 'sentence-transformers', 'opensearch', 'weaviate', 'qdrant', 'bge', 'e5']","[""current title 'Applied ML Engineer' is a direct match for this JD's target roles""]"
CAND_0017960,Recommendation Systems Engineer,7.7,"Bangalore, Karnataka",India,0.831149,0.15,0.28928571428571426,0.95,1.0,0.75,1.0,0.98575,False,,0.8467206295910295,"['embeddings', 'ranking', 'pinecone', 'qdrant']","['retrieval', 'hybrid search', 'sentence-transformers', 'faiss', 'elasticsearch', 'opensearch', 'weaviate', 'milvus', 'bge', 'e5']","[""current title 'Recommendation Systems Engineer' is a direct match for this JD's target roles""]"
CAND_0051615,Search Engineer,4.6,"Coimbatore, Tamil Nadu",India,0.8680668,0.10357142857142856,0.1363095238095238,0.95,0.9199999999999999,0.75,1.0,1.01345,False,,0.8455813105159092,"['ranking', 'milvus']","['embeddings', 'retrieval', 'hybrid search', 'sentence-transformers', 'faiss', 'elasticsearch', 'opensearch', 'pinecone', 'weaviate', 'qdrant', 'bge', 'e5']","[""current title 'Search Engineer' is a direct match for this JD's target roles""]"
CAND_0006557,NLP Engineer,7.9,"Jaipur, Rajasthan",India,0.8744326,0.5107142857142857,0.1285714285714286,0.95,1.0,0.75,0.8,0.90215,False,,0.8438475229252211,"['embeddings', 'retrieval', 'ranking', 'faiss', 'elasticsearch', 'opensearch', 'pinecone', 'weaviate', 'qdrant']","['hybrid search', 'sentence-transformers', 'milvus', 'bge', 'e5']","[""current title 'NLP Engineer' is a direct match for this JD's target roles""]"
CAND_0020991,Junior ML Engineer,4.9,"Vizag, Andhra Pradesh",India,0.6973657,0.17142857142857143,0.20357142857142854,0.95,0.9800000000000001,0.75,1.0,1.05,False,,0.8437908715543708,"['ranking', 'opensearch', 'weaviate']","['embeddings', 'retrieval', 'hybrid search', 'sentence-transformers', 'faiss', 'elasticsearch', 'pinecone', 'qdrant', 'milvus', 'bge', 'e5']","[""current title 'Junior ML Engineer' is a direct match for this JD's target roles""]"
CAND_0098846,AI Engineer,7.6,"Indore, Madhya Pradesh",India,0.847944,0.18571428571428572,0.16428571428571428,0.95,1.0,0.75,1.0,0.9792,False,,0.8437155216568857,"['embeddings', 'retrieval', 'ranking', 'pinecone', 'qdrant']","['hybrid search', 'sentence-transformers', 'faiss', 'elasticsearch', 'opensearch', 'weaviate', 'milvus', 'bge', 'e5']","[""current title 'AI Engineer' is a direct match for this JD's target roles""]"
CAND_0092245,Senior Data Scientist,4.1,"Coimbatore, Tamil Nadu",India,0.8513934,0.35000000000000003,0.17500000000000002,0.95,0.82,0.75,1.0,0.96085,False,,0.8434081607925459,"['embeddings', 'retrieval', 'ranking', 'faiss', 'elasticsearch', 'qdrant']","['hybrid search', 'sentence-transformers', 'opensearch', 'pinecone', 'weaviate', 'milvus', 'bge', 'e5']","[""current title 'Senior Data Scientist' is a direct match for this JD's target roles""]"
CAND_0016659,ML Engineer,4.4,"Coimbatore, Tamil Nadu",India,0.7162541,0.23214285714285715,0.11785714285714285,0.95,0.8800000000000001,0.75,1.0,1.05,False,,0.8424408683974361,"['ranking', 'faiss', 'pinecone', 'weaviate']","['embeddings', 'retrieval', 'hybrid search', 'sentence-transformers', 'elasticsearch', 'opensearch', 'qdrant', 'milvus', 'bge', 'e5']","[""current title 'ML Engineer' is a direct match for this JD's target roles""]"
CAND_0055992,AI Engineer,16.9,Sydney,Australia,0.87585294,0.46785714285714286,0.10357142857142856,0.95,0.5611111111111111,0.55,1.0,0.98075,False,,0.8417745142095485,"['embeddings', 'retrieval', 'ranking', 'sentence-transformers', 'faiss', 'elasticsearch', 'opensearch', 'pinecone', 'milvus', 'bge']","['hybrid search', 'weaviate', 'qdrant', 'e5']","[""current title 'AI Engineer' is a direct match for this JD's target roles""]"
CAND_0048558,Data Scientist,6.7,"Noida, Uttar Pradesh",India,0.68487287,0.22321428571428573,0.03571428571428571,0.95,1.0,1.0,0.8,1.05,False,,0.8413179491271162,"['ranking', 'elasticsearch', 'opensearch', 'qdrant']","['embeddings', 'retrieval', 'hybrid search', 'sentence-transformers', 'faiss', 'pinecone', 'weaviate', 'milvus', 'bge', 'e5']","[""current title 'Data Scientist' is a direct match for this JD's target roles""]"
CAND_0080766,Staff Machine Learning Engineer,8.8,"Coimbatore, Tamil Nadu",India,0.85944206,0.3464285714285714,0.2857142857142857,0.95,1.0,0.75,1.0,0.9166,False,,0.84073636203,"['retrieval', 'ranking', 'sentence-transformers', 'elasticsearch', 'opensearch', 'milvus', 'bge']","['embeddings', 'hybrid search', 'faiss', 'pinecone', 'weaviate', 'qdrant', 'e5']","[""current title 'Staff Machine Learning Engineer' is a direct match for this JD's target roles""]"
CAND_0061339,Search Engineer,4.2,"Chandigarh, Chandigarh",India,0.85490716,0.19642857142857142,0.07142857142857142,0.95,0.8400000000000001,0.75,0.8,1.0204,False,,0.8386496679080472,"['embeddings', 'ranking', 'opensearch', 'milvus']","['retrieval', 'hybrid search', 'sentence-transformers', 'faiss', 'elasticsearch', 'pinecone', 'weaviate', 'qdrant', 'bge', 'e5']","[""current title 'Search Engineer' is a direct match for this JD's target roles""]"
CAND_0037980,Senior Applied Scientist,9.0,"Kolkata, West Bengal",India,0.8370824,0.07142857142857142,0.24642857142857144,0.95,1.0,0.75,1.0,1.0004499999999998,False,,0.8380316937043065,"['retrieval', 'ranking']","['embeddings', 'hybrid search', 'sentence-transformers', 'faiss', 'elasticsearch', 'opensearch', 'pinecone', 'weaviate', 'qdrant', 'milvus', 'bge', 'e5']","[""current title 'Senior Applied Scientist' is a direct match for this JD's target roles""]"
CAND_0024466,Search Engineer,5.2,Toronto,Canada,0.88673437,0.1285714285714286,0.24285714285714285,0.95,1.0,0.55,1.0,0.9766,False,,0.8372740100965059,"['embeddings', 'ranking', 'pinecone']","['retrieval', 'hybrid search', 'sentence-transformers', 'faiss', 'elasticsearch', 'opensearch', 'weaviate', 'qdrant', 'milvus', 'bge', 'e5']","[""current title 'Search Engineer' is a direct match for this JD's target roles""]"
CAND_0068351,Lead AI Engineer,6.4,"Delhi, Delhi",India,0.8320833,0.17857142857142858,0.28214285714285714,0.95,1.0,1.0,1.0,0.9498500000000001,False,,0.8367746051471783,"['ranking', 'elasticsearch', 'qdrant']","['embeddings', 'retrieval', 'hybrid search', 'sentence-transformers', 'faiss', 'opensearch', 'pinecone', 'weaviate', 'milvus', 'bge', 'e5']","[""current title 'Lead AI Engineer' is a direct match for this JD's target roles""]"
CAND_0084819,Search Engineer,4.5,"Indore, Madhya Pradesh",India,0.86973894,0.2571428571428572,0.09285714285714286,0.95,0.9,0.75,0.65,0.9909999999999999,False,,0.8363835634079497,"['embeddings', 'retrieval', 'ranking', 'opensearch', 'pinecone', 'weaviate']","['hybrid search', 'sentence-transformers', 'faiss', 'elasticsearch', 'qdrant', 'milvus', 'bge', 'e5']","[""current title 'Search Engineer' is a direct match for this JD's target roles""]"
CAND_0076251,Search Engineer,7.6,"Bhubaneswar, Odisha",India,0.85715854,0.294047619047619,0.07142857142857142,0.95,1.0,0.75,0.8,0.95935,False,,0.8348555095432777,"['retrieval', 'ranking', 'sentence-transformers', 'faiss', 'elasticsearch', 'weaviate', 'bge']","['embeddings', 'hybrid search', 'opensearch', 'pinecone', 'qdrant', 'milvus', 'e5']","[""current title 'Search Engineer' is a direct match for this JD's target roles""]"
CAND_0096172,NLP Engineer,5.2,"Chennai, Tamil Nadu",India,0.8733372,0.39999999999999997,0.19642857142857142,0.95,1.0,0.75,1.0,0.90065,False,,0.8346606965153645,"['embeddings', 'retrieval', 'ranking', 'sentence-transformers', 'faiss', 'elasticsearch', 'opensearch', 'qdrant', 'bge']","['hybrid search', 'pinecone', 'weaviate', 'milvus', 'e5']","[""current title 'NLP Engineer' is a direct match for this JD's target roles""]"
CAND_0060054,AI Engineer,6.4,"Jaipur, Rajasthan",India,0.8614104,0.3625,0.09285714285714286,0.95,1.0,0.75,0.8,0.9362500000000001,False,,0.8339168609607074,"['embeddings', 'retrieval', 'ranking', 'sentence-transformers', 'faiss', 'elasticsearch', 'weaviate', 'bge']","['hybrid search', 'opensearch', 'pinecone', 'qdrant', 'milvus', 'e5']","[""current title 'AI Engineer' is a direct match for this JD's target roles""]"
CAND_0030784,Data Scientist,4.4,"Delhi, Delhi",India,0.6752498,0.12857142857142856,0.28928571428571426,0.95,0.8800000000000001,1.0,1.0,1.05,False,,0.8336776425169247,"['embeddings', 'pinecone']","['retrieval', 'ranking', 'hybrid search', 'sentence-transformers', 'faiss', 'elasticsearch', 'opensearch', 'weaviate', 'qdrant', 'milvus', 'bge', 'e5']","[""current title 'Data Scientist' is a direct match for this JD's target roles""]"
CAND_0083307,Search Engineer,7.8,"Vizag, Andhra Pradesh",India,0.8549316,0.39999999999999997,0.2357142857142857,0.95,1.0,0.75,0.8,0.9135,False,,0.8326929782523685,"['embeddings', 'retrieval', 'ranking', 'sentence-transformers', 'faiss', 'elasticsearch', 'pinecone', 'weaviate', 'bge']","['hybrid search', 'opensearch', 'qdrant', 'milvus', 'e5']","[""current title 'Search Engineer' is a direct match for this JD's target roles""]"
CAND_0020350,AI Engineer,5.8,"Jaipur, Rajasthan",India,0.8547622,0.06785714285714285,0.21428571428571427,0.95,1.0,0.75,0.8,1.00515,False,,0.8321236992369425,['faiss'],"['embeddings', 'retrieval', 'ranking', 'hybrid search', 'sentence-transformers', 'elasticsearch', 'opensearch', 'pinecone', 'weaviate', 'qdrant', 'milvus', 'bge', 'e5']","[""current title 'AI Engineer' is a direct match for this JD's target roles""]"
CAND_0070525,Senior Software Engineer (ML),5.4,"Hyderabad, Telangana",India,0.7259925,0.08750000000000001,0.11755952380952381,0.95,1.0,1.0,0.8,1.05,False,,0.8306760645919755,"['embeddings', 'ranking']","['retrieval', 'hybrid search', 'sentence-transformers', 'faiss', 'elasticsearch', 'opensearch', 'pinecone', 'weaviate', 'qdrant', 'milvus', 'bge', 'e5']","[""current title 'Senior Software Engineer (ML)' is a direct match for this JD's target roles""]"
CAND_0011432,Senior Data Scientist,7.6,"Chennai, Tamil Nadu",India,0.8258667,0.21428571428571427,0.19642857142857142,0.95,1.0,0.75,0.65,0.9851,False,,0.8296544460970484,"['embeddings', 'ranking', 'elasticsearch', 'opensearch', 'pinecone']","['retrieval', 'hybrid search', 'sentence-transformers', 'faiss', 'weaviate', 'qdrant', 'milvus', 'bge', 'e5']","[""current title 'Senior Data Scientist' is a direct match for this JD's target roles""]"
CAND_0058575,AI Engineer,5.8,"Chennai, Tamil Nadu",India,0.8474508,0.24285714285714285,0.02142857142857143,0.95,1.0,0.75,0.8,0.9763,False,,0.8290592403599713,"['embeddings', 'retrieval', 'sentence-transformers', 'faiss', 'elasticsearch', 'pinecone', 'bge']","['ranking', 'hybrid search', 'opensearch', 'weaviate', 'qdrant', 'milvus', 'e5']","[""current title 'AI Engineer' is a direct match for this JD's target roles""]"
CAND_0079284,Machine Learning Engineer,4.9,"Hyderabad, Telangana",India,0.86182034,0.19999999999999998,0.21071428571428572,0.95,0.9800000000000001,1.0,1.0,0.93415,False,,0.8287812226959299,"['embeddings', 'ranking', 'elasticsearch', 'qdrant']","['retrieval', 'hybrid search', 'sentence-transformers', 'faiss', 'opensearch', 'pinecone', 'weaviate', 'milvus', 'bge', 'e5']","[""current title 'Machine Learning Engineer' is a direct match for this JD's target roles""]"
CAND_0057563,NLP Engineer,6.8,"Indore, Madhya Pradesh",India,0.87265366,0.32857142857142857,0.19999999999999998,0.95,1.0,0.75,1.0,0.91045,False,,0.8278724611361664,"['embeddings', 'retrieval', 'ranking', 'sentence-transformers', 'faiss', 'elasticsearch', 'opensearch', 'bge']","['hybrid search', 'pinecone', 'weaviate', 'qdrant', 'milvus', 'e5']","[""current title 'NLP Engineer' is a direct match for this JD's target roles""]"
CAND_0037160,Data Scientist,6.0,"Mumbai, Maharashtra",India,0.7128422,0.1669642857142857,0.09285714285714286,0.95,1.0,1.0,1.0,1.0143499999999999,False,,0.8273316187657093,"['embeddings', 'ranking', 'weaviate']","['retrieval', 'hybrid search', 'sentence-transformers', 'faiss', 'elasticsearch', 'opensearch', 'pinecone', 'qdrant', 'milvus', 'bge', 'e5']","[""current title 'Data Scientist' is a direct match for this JD's target roles""]"
CAND_0013613,Machine Learning Engineer,4.7,Singapore,Singapore,0.8729631,0.2785714285714286,0.16428571428571428,0.95,0.9400000000000001,0.3,0.65,0.9891999999999999,False,,0.8266917931490262,"['embeddings', 'retrieval', 'ranking', 'sentence-transformers', 'faiss', 'elasticsearch', 'weaviate', 'bge']","['hybrid search', 'opensearch', 'pinecone', 'qdrant', 'milvus', 'e5']","[""current title 'Machine Learning Engineer' is a direct match for this JD's target roles""]"
CAND_0016163,Applied ML Engineer,6.7,"Gurgaon, Haryana",India,0.8529502,0.35714285714285715,0.06785714285714285,0.95,1.0,0.75,0.8,0.9349500000000001,False,,0.8263232742956668,"['embeddings', 'retrieval', 'sentence-transformers', 'faiss', 'elasticsearch', 'pinecone', 'weaviate', 'bge']","['ranking', 'hybrid search', 'opensearch', 'qdrant', 'milvus', 'e5']","[""current title 'Applied ML Engineer' is a direct match for this JD's target roles""]"
CAND_0020877,Applied ML Engineer,5.1,"Gurgaon, Haryana",India,0.85196805,0.5214285714285715,0.16428571428571428,0.95,1.0,0.75,1.0,0.8732,False,,0.8256198316692721,"['embeddings', 'retrieval', 'sentence-transformers', 'faiss', 'elasticsearch', 'opensearch', 'pinecone', 'weaviate', 'qdrant', 'milvus', 'bge']","['ranking', 'hybrid search', 'e5']","[""current title 'Applied ML Engineer' is a direct match for this JD's target roles""]"
CAND_0049896,Search Engineer,7.3,"Vizag, Andhra Pradesh",India,0.8752106,0.1142857142857143,0.1285714285714286,0.95,1.0,0.75,0.65,0.9954000000000001,False,,0.8253506142342758,"['embeddings', 'retrieval', 'ranking', 'pinecone']","['hybrid search', 'sentence-transformers', 'faiss', 'elasticsearch', 'opensearch', 'weaviate', 'qdrant', 'milvus', 'bge', 'e5']","[""current title 'Search Engineer' is a direct match for this JD's target roles""]"
CAND_0041568,Search Engineer,5.2,Sydney,Australia,0.8776141,0.3071428571428571,0.1285714285714286,0.95,1.0,0.3,1.0,0.9469,False,,0.8249822267613656,"['embeddings', 'retrieval', 'ranking', 'pinecone', 'weaviate', 'qdrant']","['hybrid search', 'sentence-transformers', 'faiss', 'elasticsearch', 'opensearch', 'milvus', 'bge', 'e5']","[""current title 'Search Engineer' is a direct match for this JD's target roles""]"
CAND_0083879,Machine Learning Engineer,7.1,"Noida, Uttar Pradesh",India,0.8404395,0.1392857142857143,0.03571428571428571,0.95,1.0,1.0,1.0,0.97,False,,0.8246915870387079,"['retrieval', 'ranking', 'milvus']","['embeddings', 'hybrid search', 'sentence-transformers', 'faiss', 'elasticsearch', 'opensearch', 'pinecone', 'weaviate', 'qdrant', 'bge', 'e5']","[""current title 'Machine Learning Engineer' is a direct match for this JD's target roles""]"
CAND_0028793,Search Engineer,7.2,"Trivandrum, Kerala",India,0.85136706,0.2785714285714286,0.33125,0.95,1.0,0.75,1.0,0.91415,False,,0.8246342047634498,"['embeddings', 'retrieval', 'ranking', 'sentence-transformers', 'faiss', 'elasticsearch', 'pinecone', 'bge']","['hybrid search', 'opensearch', 'weaviate', 'qdrant', 'milvus', 'e5']","[""current title 'Search Engineer' is a direct match for this JD's target roles""]"
CAND_0045250,Applied ML Engineer,6.6,"Delhi, Delhi",India,0.8498864,0.28214285714285714,0.24642857142857144,0.95,1.0,1.0,0.65,0.9283,False,,0.8242808578242466,"['embeddings', 'retrieval', 'ranking', 'qdrant', 'milvus']","['hybrid search', 'sentence-transformers', 'faiss', 'elasticsearch', 'opensearch', 'pinecone', 'weaviate', 'bge', 'e5']","[""current title 'Applied ML Engineer' is a direct match for this JD's target roles""]"
CAND_0082086,Senior Software Engineer (ML),6.0,"Delhi, Delhi",India,0.6350652,0.19047619047619047,0.13422619047619047,0.95,1.0,1.0,0.8,1.05,False,,0.8237832795739399,"['faiss', 'pinecone', 'milvus']","['embeddings', 'retrieval', 'ranking', 'hybrid search', 'sentence-transformers', 'elasticsearch', 'opensearch', 'weaviate', 'qdrant', 'bge', 'e5']","[""current title 'Senior Software Engineer (ML)' is a direct match for this JD's target roles""]"
CAND_0005509,Data Scientist,6.0,"Noida, Uttar Pradesh",India,0.7219635,0.10208333333333333,0.11785714285714285,0.95,1.0,1.0,0.65,1.05,False,,0.8232439244508716,"['ranking', 'qdrant']","['embeddings', 'retrieval', 'hybrid search', 'sentence-transformers', 'faiss', 'elasticsearch', 'opensearch', 'pinecone', 'weaviate', 'milvus', 'bge', 'e5']","[""current title 'Data Scientist' is a direct match for this JD's target roles""]"
CAND_0025882,Senior Software Engineer (ML),5.6,"Chennai, Tamil Nadu",India,0.72250843,0.17142857142857143,0.125,0.95,1.0,0.75,0.65,1.04615,False,,0.8229262964190336,"['ranking', 'faiss', 'milvus']","['embeddings', 'retrieval', 'hybrid search', 'sentence-transformers', 'elasticsearch', 'opensearch', 'pinecone', 'weaviate', 'qdrant', 'bge', 'e5']","[""current title 'Senior Software Engineer (ML)' is a direct match for this JD's target roles""]"
CAND_0065878,Senior Data Scientist,7.8,"Trivandrum, Kerala",India,0.88058853,0.05714285714285715,0.19642857142857142,0.95,1.0,0.75,0.8,0.9872,False,,0.8223230151318408,"['embeddings', 'ranking']","['retrieval', 'hybrid search', 'sentence-transformers', 'faiss', 'elasticsearch', 'opensearch', 'pinecone', 'weaviate', 'qdrant', 'milvus', 'bge', 'e5']","[""current title 'Senior Data Scientist' is a direct match for this JD's target roles""]"
CAND_0027801,NLP Engineer,7.4,"Hyderabad, Telangana",India,0.84808564,0.34285714285714286,0.09285714285714286,0.95,1.0,1.0,0.8,0.9172499999999999,False,,0.8221419328161362,"['retrieval', 'sentence-transformers', 'faiss', 'elasticsearch', 'opensearch', 'milvus', 'bge']","['embeddings', 'ranking', 'hybrid search', 'pinecone', 'weaviate', 'qdrant', 'e5']","[""current title 'NLP Engineer' is a direct match for this JD's target roles""]"
CAND_0091890,AI Research Engineer,4.7,"Hyderabad, Telangana",India,0.71555096,0.3324404761904762,0.03571428571428571,0.95,0.9400000000000001,1.0,0.8,0.98985,False,,0.8220903052337598,"['ranking', 'elasticsearch', 'opensearch', 'pinecone', 'weaviate', 'milvus']","['embeddings', 'retrieval', 'hybrid search', 'sentence-transformers', 'faiss', 'qdrant', 'bge', 'e5']","[""current title 'AI Research Engineer' is a direct match for this JD's target roles""]"
CAND_0035879,AI Research Engineer,4.5,"Noida, Uttar Pradesh",India,0.70002556,0.14523809523809522,0.06785714285714285,0.95,0.9,1.0,1.0,1.0406499999999999,False,,0.8204459028499819,"['ranking', 'elasticsearch', 'pinecone']","['embeddings', 'retrieval', 'hybrid search', 'sentence-transformers', 'faiss', 'opensearch', 'weaviate', 'qdrant', 'milvus', 'bge', 'e5']","[""current title 'AI Research Engineer' is a direct match for this JD's target roles""]"
CAND_0002120,ML Engineer,6.5,Berlin,Germany,0.71488494,0.1863095238095238,0.125,0.95,1.0,0.3,1.0,1.05,False,,0.820400396593374,"['embeddings', 'ranking', 'pinecone', 'qdrant']","['retrieval', 'hybrid search', 'sentence-transformers', 'faiss', 'elasticsearch', 'opensearch', 'weaviate', 'milvus', 'bge', 'e5']","[""current title 'ML Engineer' is a direct match for this JD's target roles""]"
CAND_0007412,Applied ML Engineer,7.4,"Noida, Uttar Pradesh",India,0.84677863,0.19642857142857142,0.12351190476190477,0.95,1.0,1.0,1.0,0.93725,False,,0.8202570547462859,"['embeddings', 'ranking', 'pinecone', 'milvus']","['retrieval', 'hybrid search', 'sentence-transformers', 'faiss', 'elasticsearch', 'opensearch', 'weaviate', 'qdrant', 'bge', 'e5']","[""current title 'Applied ML Engineer' is a direct match for this JD's target roles""]"
CAND_0068932,ML Engineer,5.2,"Noida, Uttar Pradesh",India,0.6935424,0.15238095238095237,0.06785714285714285,0.95,1.0,1.0,0.65,1.05,False,,0.8200655393273473,"['ranking', 'opensearch', 'milvus']","['embeddings', 'retrieval', 'hybrid search', 'sentence-transformers', 'faiss', 'elasticsearch', 'pinecone', 'weaviate', 'qdrant', 'bge', 'e5']","[""current title 'ML Engineer' is a direct match for this JD's target roles""]"
CAND_0086151,Recommendation Systems Engineer,7.7,"Vizag, Andhra Pradesh",India,0.87337637,0.44642857142857145,0.17142857142857143,0.95,1.0,0.75,0.65,0.8968,False,,0.8198651762730873,"['embeddings', 'retrieval', 'ranking', 'sentence-transformers', 'faiss', 'elasticsearch', 'opensearch', 'qdrant', 'bge']","['hybrid search', 'pinecone', 'weaviate', 'milvus', 'e5']","[""current title 'Recommendation Systems Engineer' is a direct match for this JD's target roles""]"
CAND_0083852,Data Scientist,6.0,"Ahmedabad, Gujarat",India,0.7005017,0.16428571428571428,0.05029761904761904,0.95,1.0,0.75,0.8,1.05,False,,0.8175710242986506,"['ranking', 'pinecone', 'qdrant']","['embeddings', 'retrieval', 'hybrid search', 'sentence-transformers', 'faiss', 'elasticsearch', 'opensearch', 'weaviate', 'milvus', 'bge', 'e5']","[""current title 'Data Scientist' is a direct match for this JD's target roles""]"
CAND_0093883,AI Research Engineer,5.0,"Bhubaneswar, Odisha",India,0.71024567,0.2866071428571429,0.06339285714285714,0.95,1.0,0.75,0.8,1.0043,False,,0.8170302293966923,"['embeddings', 'ranking', 'opensearch', 'qdrant', 'milvus']","['retrieval', 'hybrid search', 'sentence-transformers', 'faiss', 'elasticsearch', 'pinecone', 'weaviate', 'bge', 'e5']","[""current title 'AI Research Engineer' is a direct match for this JD's target roles""]"
CAND_0052744,Senior Software Engineer (ML),4.9,"Bhubaneswar, Odisha",India,0.66248655,0.11398809523809524,0.20535714285714285,0.95,0.9800000000000001,0.75,1.0,1.05,False,,0.8156907800472069,"['pinecone', 'weaviate']","['embeddings', 'retrieval', 'ranking', 'hybrid search', 'sentence-transformers', 'faiss', 'elasticsearch', 'opensearch', 'qdrant', 'milvus', 'bge', 'e5']","[""current title 'Senior Software Engineer (ML)' is a direct match for this JD's target roles""]"
CAND_0015967,Senior Software Engineer (ML),5.4,"Hyderabad, Telangana",India,0.7042596,0.15267857142857144,0.09642857142857143,0.95,1.0,1.0,0.8,1.0198,False,,0.8128227319106331,"['embeddings', 'ranking', 'pinecone']","['retrieval', 'hybrid search', 'sentence-transformers', 'faiss', 'elasticsearch', 'opensearch', 'weaviate', 'qdrant', 'milvus', 'bge', 'e5']","[""current title 'Senior Software Engineer (ML)' is a direct match for this JD's target roles""]"
CAND_0044855,Senior Data Scientist,6.6,"Coimbatore, Tamil Nadu",India,0.86982733,0.4714285714285714,0.19999999999999998,0.95,1.0,0.75,0.8,0.87295,False,,0.8127592175580916,"['embeddings', 'retrieval', 'ranking', 'sentence-transformers', 'faiss', 'elasticsearch', 'opensearch', 'pinecone', 'qdrant', 'bge']","['hybrid search', 'weaviate', 'milvus', 'e5']","[""current title 'Senior Data Scientist' is a direct match for this JD's target roles""]"
CAND_0057701,Recommendation Systems Engineer,4.1,"Chandigarh, Chandigarh",India,0.8507606,0.2726190476190476,0.17857142857142858,0.95,0.82,0.75,1.0,0.94515,False,,0.8117890061522981,"['retrieval', 'ranking', 'opensearch', 'qdrant', 'milvus']","['embeddings', 'hybrid search', 'sentence-transformers', 'faiss', 'elasticsearch', 'pinecone', 'weaviate', 'bge', 'e5']","[""current title 'Recommendation Systems Engineer' is a direct match for this JD's target roles""]"
CAND_0053527,Junior ML Engineer,7.0,"Bangalore, Karnataka",India,0.6898867,0.16428571428571428,0.125,0.95,1.0,0.75,0.65,1.05,False,,0.8115045398033154,"['ranking', 'pinecone', 'qdrant']","['embeddings', 'retrieval', 'hybrid search', 'sentence-transformers', 'faiss', 'elasticsearch', 'opensearch', 'weaviate', 'milvus', 'bge', 'e5']","[""current title 'Junior ML Engineer' is a direct match for this JD's target roles""]"
CAND_0084283,Junior ML Engineer,3.6,"Pune, Maharashtra",India,0.7331698,0.17142857142857143,0.060714285714285714,0.95,0.72,1.0,1.0,1.0400500000000001,False,,0.8110517547592806,"['ranking', 'elasticsearch', 'pinecone']","['embeddings', 'retrieval', 'hybrid search', 'sentence-transformers', 'faiss', 'opensearch', 'weaviate', 'qdrant', 'milvus', 'bge', 'e5']","[""current title 'Junior ML Engineer' is a direct match for this JD's target roles""]"
CAND_0031593,Search Engineer,7.8,"Kolkata, West Bengal",India,0.86556375,0.19999999999999998,0.07857142857142858,0.95,1.0,0.75,0.8,0.95285,False,,0.8108224273108809,"['embeddings', 'ranking', 'elasticsearch', 'pinecone']","['retrieval', 'hybrid search', 'sentence-transformers', 'faiss', 'opensearch', 'weaviate', 'qdrant', 'milvus', 'bge', 'e5']","[""current title 'Search Engineer' is a direct match for this JD's target roles""]"
CAND_0053605,Senior Software Engineer (ML),6.9,"Noida, Uttar Pradesh",India,0.7065727,0.03571428571428571,0.125,0.95,1.0,1.0,0.8,1.05,False,,0.8105916899915174,['ranking'],"['embeddings', 'retrieval', 'hybrid search', 'sentence-transformers', 'faiss', 'elasticsearch', 'opensearch', 'pinecone', 'weaviate', 'qdrant', 'milvus', 'bge', 'e5']","[""current title 'Senior Software Engineer (ML)' is a direct match for this JD's target roles""]"
CAND_0070398,Machine Learning Engineer,7.2,"Kochi, Kerala",India,0.8588941,0.3071428571428571,0.24642857142857144,0.95,1.0,0.75,1.0,0.8961499999999999,False,,0.8097017838409452,"['embeddings', 'retrieval', 'ranking', 'sentence-transformers', 'faiss', 'elasticsearch', 'bge']","['hybrid search', 'opensearch', 'pinecone', 'weaviate', 'qdrant', 'milvus', 'e5']","[""current title 'Machine Learning Engineer' is a direct match for this JD's target roles""]"
CAND_0047521,Junior ML Engineer,4.4,"Mumbai, Maharashtra",India,0.70688003,0.2101190476190476,0.09732142857142856,0.95,0.8800000000000001,1.0,1.0,1.00355,False,,0.809655599183331,"['embeddings', 'ranking', 'pinecone', 'milvus']","['retrieval', 'hybrid search', 'sentence-transformers', 'faiss', 'elasticsearch', 'opensearch', 'weaviate', 'qdrant', 'bge', 'e5']","[""current title 'Junior ML Engineer' is a direct match for this JD's target roles""]"
CAND_0081686,Search Engineer,6.0,Austin,USA,0.86729616,0.37857142857142856,0.17857142857142858,0.95,1.0,0.3,1.0,0.9092000000000001,False,,0.8090839293127466,"['embeddings', 'retrieval', 'ranking', 'sentence-transformers', 'faiss', 'elasticsearch', 'milvus', 'bge']","['hybrid search', 'opensearch', 'pinecone', 'weaviate', 'qdrant', 'e5']","[""current title 'Search Engineer' is a direct match for this JD's target roles""]"
CAND_0086893,ML Engineer,3.9,"Bangalore, Karnataka",India,0.7229152,0.17142857142857143,0.06785714285714285,0.95,0.78,0.75,1.0,1.05,False,,0.8087545513622132,"['ranking', 'elasticsearch', 'opensearch']","['embeddings', 'retrieval', 'hybrid search', 'sentence-transformers', 'faiss', 'pinecone', 'weaviate', 'qdrant', 'milvus', 'bge', 'e5']","[""current title 'ML Engineer' is a direct match for this JD's target roles""]"
CAND_0015065,AI Research Engineer,3.9,"Delhi, Delhi",India,0.7079327,0.1392857142857143,0.04732142857142857,0.95,0.78,1.0,1.0,1.05,False,,0.8086693127227151,"['embeddings', 'ranking', 'qdrant']","['retrieval', 'hybrid search', 'sentence-transformers', 'faiss', 'elasticsearch', 'opensearch', 'pinecone', 'weaviate', 'milvus', 'bge', 'e5']","[""current title 'AI Research Engineer' is a direct match for this JD's target roles""]"
CAND_0052335,Applied ML Engineer,6.4,Berlin,Germany,0.8607402,0.07857142857142858,0.09285714285714286,0.95,1.0,0.55,0.8,0.99835,False,,0.807164857620751,"['embeddings', 'ranking', 'pinecone']","['retrieval', 'hybrid search', 'sentence-transformers', 'faiss', 'elasticsearch', 'opensearch', 'weaviate', 'qdrant', 'milvus', 'bge', 'e5']","[""current title 'Applied ML Engineer' is a direct match for this JD's target roles""]"
CAND_0036863,Senior Data Scientist,4.3,"Chennai, Tamil Nadu",India,0.8577845,0.2928571428571428,0.1142857142857143,0.95,0.86,0.75,0.8,0.94485,False,,0.8066755529172749,"['embeddings', 'ranking', 'faiss', 'opensearch', 'pinecone', 'qdrant']","['retrieval', 'hybrid search', 'sentence-transformers', 'elasticsearch', 'weaviate', 'milvus', 'bge', 'e5']","[""current title 'Senior Data Scientist' is a direct match for this JD's target roles""]"
CAND_0043860,Junior ML Engineer,6.1,"Bhubaneswar, Odisha",India,0.715224,0.09642857142857143,0.05714285714285715,0.95,1.0,0.75,0.8,1.05,False,,0.8064810778573404,"['ranking', 'qdrant']","['embeddings', 'retrieval', 'hybrid search', 'sentence-transformers', 'faiss', 'elasticsearch', 'opensearch', 'pinecone', 'weaviate', 'milvus', 'bge', 'e5']","[""current title 'Junior ML Engineer' is a direct match for this JD's target roles""]"
CAND_0099675,Junior ML Engineer,3.9,"Kochi, Kerala",India,0.6891967,0.21458333333333332,0.060714285714285714,0.95,0.78,0.75,1.0,1.05,False,,0.8061054559086964,"['ranking', 'faiss', 'pinecone', 'weaviate']","['embeddings', 'retrieval', 'hybrid search', 'sentence-transformers', 'elasticsearch', 'opensearch', 'qdrant', 'milvus', 'bge', 'e5']","[""current title 'Junior ML Engineer' is a direct match for this JD's target roles""]"
CAND_0092255,ML Engineer,5.2,"Noida, Uttar Pradesh",India,0.70465094,0.17142857142857143,0.16071428571428573,0.95,1.0,1.0,1.0,0.98195,False,,0.8055613133084584,"['ranking', 'opensearch', 'weaviate']","['embeddings', 'retrieval', 'hybrid search', 'sentence-transformers', 'faiss', 'elasticsearch', 'pinecone', 'qdrant', 'milvus', 'bge', 'e5']","[""current title 'ML Engineer' is a direct match for this JD's target roles""]"
CAND_0030953,Search Engineer,7.8,"Chennai, Tamil Nadu",India,0.85607857,0.37142857142857144,0.2306547619047619,0.95,1.0,0.75,1.0,0.8784000000000001,False,,0.8052519952106143,"['embeddings', 'retrieval', 'ranking', 'sentence-transformers', 'faiss', 'elasticsearch', 'pinecone', 'weaviate', 'qdrant', 'bge']","['hybrid search', 'opensearch', 'milvus', 'e5']","[""current title 'Search Engineer' is a direct match for this JD's target roles""]"
CAND_0091534,AI Engineer,16.6,"Gurgaon, Haryana",India,0.8556251,0.29642857142857143,0.09285714285714286,0.95,0.5777777777777777,0.75,1.0,0.9781500000000001,False,,0.8044808383461356,"['embeddings', 'retrieval', 'ranking', 'sentence-transformers', 'faiss', 'elasticsearch', 'pinecone', 'qdrant', 'bge']","['hybrid search', 'opensearch', 'weaviate', 'milvus', 'e5']","[""current title 'AI Engineer' is a direct match for this JD's target roles""]"
CAND_0072688,Data Scientist,6.9,"Pune, Maharashtra",India,0.6484968,0.10922619047619046,0.19285714285714287,0.95,1.0,1.0,0.65,1.05,False,,0.804417610711923,"['qdrant', 'milvus']","['embeddings', 'retrieval', 'ranking', 'hybrid search', 'sentence-transformers', 'faiss', 'elasticsearch', 'opensearch', 'pinecone', 'weaviate', 'bge', 'e5']","[""current title 'Data Scientist' is a direct match for this JD's target roles""]"
CAND_0092706,AI Research Engineer,5.8,"Delhi, Delhi",India,0.7119206,0.03571428571428571,0.0,0.95,1.0,1.0,1.0,1.03935,False,,0.8044161909096007,['ranking'],"['embeddings', 'retrieval', 'hybrid search', 'sentence-transformers', 'faiss', 'elasticsearch', 'opensearch', 'pinecone', 'weaviate', 'qdrant', 'milvus', 'bge', 'e5']","[""current title 'AI Research Engineer' is a direct match for this JD's target roles""]"
CAND_0044883,AI Engineer,6.3,Berlin,Germany,0.8519982,0.275,0.1285714285714286,0.95,1.0,0.55,0.65,0.9485,False,,0.8041299637874472,"['embeddings', 'retrieval', 'ranking', 'sentence-transformers', 'faiss', 'elasticsearch', 'pinecone', 'bge']","['hybrid search', 'opensearch', 'weaviate', 'qdrant', 'milvus', 'e5']","[""current title 'AI Engineer' is a direct match for this JD's target roles""]"
CAND_0075439,Machine Learning Engineer,4.3,"Vizag, Andhra Pradesh",India,0.86802185,0.2523809523809524,0.125,0.95,0.86,0.75,0.8,0.9472000000000002,False,,0.8038386224533532,"['embeddings', 'ranking', 'elasticsearch', 'opensearch', 'pinecone']","['retrieval', 'hybrid search', 'sentence-transformers', 'faiss', 'weaviate', 'qdrant', 'milvus', 'bge', 'e5']","[""current title 'Machine Learning Engineer' is a direct match for this JD's target roles""]"
CAND_0032271,AI Research Engineer,6.6,"Hyderabad, Telangana",India,0.7105777,0.08154761904761905,0.15357142857142855,0.95,1.0,1.0,0.8,1.02005,False,,0.803309557469836,"['ranking', 'weaviate']","['embeddings', 'retrieval', 'hybrid search', 'sentence-transformers', 'faiss', 'elasticsearch', 'opensearch', 'pinecone', 'qdrant', 'milvus', 'bge', 'e5']","[""current title 'AI Research Engineer' is a direct match for this JD's target roles""]"
CAND_0015057,ML Engineer,4.6,"Pune, Maharashtra",India,0.6434355,0.12857142857142856,0.17857142857142858,0.95,0.9199999999999999,1.0,0.8,1.05,False,,0.8032680326529136,"['embeddings', 'qdrant']","['retrieval', 'ranking', 'hybrid search', 'sentence-transformers', 'faiss', 'elasticsearch', 'opensearch', 'pinecone', 'weaviate', 'milvus', 'bge', 'e5']","[""current title 'ML Engineer' is a direct match for this JD's target roles""]"
CAND_0090155,ML Engineer,5.8,"Pune, Maharashtra",India,0.6401859,0.18035714285714285,0.19642857142857142,0.95,1.0,1.0,0.8,1.01655,False,,0.8031390384032105,"['pinecone', 'qdrant', 'milvus']","['embeddings', 'retrieval', 'ranking', 'hybrid search', 'sentence-transformers', 'faiss', 'elasticsearch', 'opensearch', 'weaviate', 'bge', 'e5']","[""current title 'ML Engineer' is a direct match for this JD's target roles""]"
CAND_0024990,Junior ML Engineer,5.2,"Trivandrum, Kerala",India,0.6592269,0.18035714285714285,0.11279761904761905,0.95,1.0,0.75,0.65,1.05,False,,0.8025370353728686,"['elasticsearch', 'opensearch', 'milvus']","['embeddings', 'retrieval', 'ranking', 'hybrid search', 'sentence-transformers', 'faiss', 'pinecone', 'weaviate', 'qdrant', 'bge', 'e5']","[""current title 'Junior ML Engineer' is a direct match for this JD's target roles""]"
CAND_0010603,ML Engineer,5.3,"Bangalore, Karnataka",India,0.69929737,0.10357142857142856,0.059226190476190474,0.95,1.0,0.75,0.8,1.05,False,,0.8023802062529687,"['ranking', 'opensearch']","['embeddings', 'retrieval', 'hybrid search', 'sentence-transformers', 'faiss', 'elasticsearch', 'pinecone', 'weaviate', 'qdrant', 'milvus', 'bge', 'e5']","[""current title 'ML Engineer' is a direct match for this JD's target roles""]"
CAND_0024147,ML Engineer,5.9,"Jaipur, Rajasthan",India,0.7190695,0.16428571428571428,0.09702380952380953,0.95,1.0,0.75,0.8,1.0148,False,,0.8017544396834969,"['ranking', 'opensearch', 'qdrant']","['embeddings', 'retrieval', 'hybrid search', 'sentence-transformers', 'faiss', 'elasticsearch', 'pinecone', 'weaviate', 'milvus', 'bge', 'e5']","[""current title 'ML Engineer' is a direct match for this JD's target roles""]"
CAND_0007596,Junior ML Engineer,4.4,"Delhi, Delhi",India,0.6891248,0.10059523809523808,0.12142857142857143,0.95,0.8800000000000001,1.0,0.8,1.05,False,,0.8016447439331951,"['ranking', 'weaviate']","['embeddings', 'retrieval', 'hybrid search', 'sentence-transformers', 'faiss', 'elasticsearch', 'opensearch', 'pinecone', 'qdrant', 'milvus', 'bge', 'e5']","[""current title 'Junior ML Engineer' is a direct match for this JD's target roles""]"
CAND_0099401,NLP Engineer,7.7,"Ahmedabad, Gujarat",India,0.87077004,0.21428571428571427,0.125,0.95,1.0,0.75,1.0,0.9179500000000002,False,,0.8015503010068286,"['embeddings', 'retrieval', 'ranking', 'qdrant']","['hybrid search', 'sentence-transformers', 'faiss', 'elasticsearch', 'opensearch', 'pinecone', 'weaviate', 'milvus', 'bge', 'e5']","[""current title 'NLP Engineer' is a direct match for this JD's target roles""]"
CAND_0080344,Senior Software Engineer (ML),4.9,"Hyderabad, Telangana",India,0.72301763,0.03571428571428571,0.09285714285714286,0.95,0.9800000000000001,1.0,0.65,1.05,False,,0.8008793091195169,['ranking'],"['embeddings', 'retrieval', 'hybrid search', 'sentence-transformers', 'faiss', 'elasticsearch', 'opensearch', 'pinecone', 'weaviate', 'qdrant', 'milvus', 'bge', 'e5']","[""current title 'Senior Software Engineer (ML)' is a direct match for this JD's target roles""]"
CAND_0008295,AI Research Engineer,6.5,"Pune, Maharashtra",India,0.65605456,0.060714285714285714,0.24613095238095237,0.95,1.0,1.0,0.65,1.05,False,,0.8003291076289918,['weaviate'],"['embeddings', 'retrieval', 'ranking', 'hybrid search', 'sentence-transformers', 'faiss', 'elasticsearch', 'opensearch', 'pinecone', 'qdrant', 'milvus', 'bge', 'e5']","[""current title 'AI Research Engineer' is a direct match for this JD's target roles""]"
CAND_0033179,AI Research Engineer,6.9,"Ahmedabad, Gujarat",India,0.7253753,0.09464285714285714,0.05714285714285715,0.95,1.0,0.75,0.65,1.05,False,,0.8002812941962631,"['ranking', 'opensearch']","['embeddings', 'retrieval', 'hybrid search', 'sentence-transformers', 'faiss', 'elasticsearch', 'pinecone', 'weaviate', 'qdrant', 'milvus', 'bge', 'e5']","[""current title 'AI Research Engineer' is a direct match for this JD's target roles""]"
CAND_0064888,ML Engineer,5.8,"Vizag, Andhra Pradesh",India,0.63918996,0.12142857142857143,0.09285714285714286,0.95,1.0,0.75,1.0,1.05,False,,0.8000992147346093,"['embeddings', 'elasticsearch']","['retrieval', 'ranking', 'hybrid search', 'sentence-transformers', 'faiss', 'opensearch', 'pinecone', 'weaviate', 'qdrant', 'milvus', 'bge', 'e5']","[""current title 'ML Engineer' is a direct match for this JD's target roles""]"
CAND_0073007,AI Specialist,5.8,"Bangalore, Karnataka",India,0.71180624,0.2261904761904762,0.05714285714285715,0.75,1.0,0.75,1.0,1.05,False,,0.7999447598569639,"['embeddings', 'ranking', 'faiss', 'milvus']","['retrieval', 'hybrid search', 'sentence-transformers', 'elasticsearch', 'opensearch', 'pinecone', 'weaviate', 'qdrant', 'bge', 'e5']",['career history includes a relevant ML/AI/search/ranking title even though current title differs']
CAND_0076904,Senior Data Scientist,4.2,London,UK,0.86184037,0.32857142857142857,0.14285714285714285,0.95,0.8400000000000001,0.3,0.65,0.9631,False,,0.7965464071934633,"['retrieval', 'ranking', 'sentence-transformers', 'faiss', 'elasticsearch', 'opensearch', 'weaviate', 'bge']","['embeddings', 'hybrid search', 'pinecone', 'qdrant', 'milvus', 'e5']","[""current title 'Senior Data Scientist' is a direct match for this JD's target roles""]"
CAND_0032807,Machine Learning Engineer,4.2,"Trivandrum, Kerala",India,0.8513855,0.18214285714285713,0.16071428571428573,0.95,0.8400000000000001,0.75,1.0,0.9499,False,,0.7961272492487763,"['embeddings', 'opensearch', 'pinecone', 'milvus']","['retrieval', 'ranking', 'hybrid search', 'sentence-transformers', 'faiss', 'elasticsearch', 'weaviate', 'qdrant', 'bge', 'e5']","[""current title 'Machine Learning Engineer' is a direct match for this JD's target roles""]"
CAND_0010541,AI Research Engineer,6.2,"Hyderabad, Telangana",India,0.6974652,0.23214285714285715,0.18214285714285713,0.95,1.0,1.0,0.8,0.96705,False,,0.7953568332615788,"['ranking', 'pinecone', 'weaviate', 'qdrant']","['embeddings', 'retrieval', 'hybrid search', 'sentence-transformers', 'faiss', 'elasticsearch', 'opensearch', 'milvus', 'bge', 'e5']","[""current title 'AI Research Engineer' is a direct match for this JD's target roles""]"
CAND_0054100,Junior ML Engineer,6.0,"Kolkata, West Bengal",India,0.64387625,0.11964285714285713,0.15357142857142855,0.95,1.0,0.75,0.8,1.05,False,,0.7948241070122577,"['pinecone', 'weaviate']","['embeddings', 'retrieval', 'ranking', 'hybrid search', 'sentence-transformers', 'faiss', 'elasticsearch', 'opensearch', 'qdrant', 'milvus', 'bge', 'e5']","[""current title 'Junior ML Engineer' is a direct match for this JD's target roles""]"
CAND_0003841,ML Engineer,5.0,"Pune, Maharashtra",India,0.71290046,0.10357142857142856,0.0,0.95,1.0,1.0,1.0,1.0029,False,,0.7932689930476357,"['ranking', 'pinecone']","['embeddings', 'retrieval', 'hybrid search', 'sentence-transformers', 'faiss', 'elasticsearch', 'opensearch', 'weaviate', 'qdrant', 'milvus', 'bge', 'e5']","[""current title 'ML Engineer' is a direct match for this JD's target roles""]"
CAND_0031752,ML Engineer,5.0,"Kolkata, West Bengal",India,0.67052555,0.12142857142857143,0.2095238095238095,0.95,1.0,0.75,0.65,1.0388499999999998,False,,0.7931760217300077,"['weaviate', 'qdrant']","['embeddings', 'retrieval', 'ranking', 'hybrid search', 'sentence-transformers', 'faiss', 'elasticsearch', 'opensearch', 'pinecone', 'milvus', 'bge', 'e5']","[""current title 'ML Engineer' is a direct match for this JD's target roles""]"
CAND_0028422,Junior ML Engineer,5.5,"Chennai, Tamil Nadu",India,0.6788717,0.16428571428571428,0.03571428571428571,0.95,1.0,0.75,0.65,1.0431000000000001,False,,0.7927992137188303,"['ranking', 'opensearch', 'pinecone']","['embeddings', 'retrieval', 'hybrid search', 'sentence-transformers', 'faiss', 'elasticsearch', 'weaviate', 'qdrant', 'milvus', 'bge', 'e5']","[""current title 'Junior ML Engineer' is a direct match for this JD's target roles""]"
CAND_0080472,Junior ML Engineer,4.4,"Hyderabad, Telangana",India,0.7136413,0.03571428571428571,0.09642857142857143,0.95,0.8800000000000001,1.0,0.8,1.05,False,,0.7918250232931251,['ranking'],"['embeddings', 'retrieval', 'hybrid search', 'sentence-transformers', 'faiss', 'elasticsearch', 'opensearch', 'pinecone', 'weaviate', 'qdrant', 'milvus', 'bge', 'e5']","[""current title 'Junior ML Engineer' is a direct match for this JD's target roles""]"
CAND_0042029,Senior Data Scientist,6.5,"Delhi, Delhi",India,0.84668756,0.37142857142857144,0.17857142857142858,0.95,1.0,1.0,0.8,0.8687,False,,0.791579890666596,"['embeddings', 'retrieval', 'ranking', 'elasticsearch', 'opensearch', 'pinecone', 'weaviate']","['hybrid search', 'sentence-transformers', 'faiss', 'qdrant', 'milvus', 'bge', 'e5']","[""current title 'Senior Data Scientist' is a direct match for this JD's target roles""]"
CAND_0078042,Applied ML Engineer,4.7,Dubai,UAE,0.86213064,0.21428571428571427,0.17857142857142858,0.95,0.9400000000000001,0.3,0.8,0.9568000000000001,False,,0.7908510914252973,"['retrieval', 'ranking', 'opensearch', 'pinecone']","['embeddings', 'hybrid search', 'sentence-transformers', 'faiss', 'elasticsearch', 'weaviate', 'qdrant', 'milvus', 'bge', 'e5']","[""current title 'Applied ML Engineer' is a direct match for this JD's target roles""]"
CAND_0065786,AI Specialist,4.9,"Indore, Madhya Pradesh",India,0.7221111,0.16428571428571428,0.11339285714285714,0.75,0.9800000000000001,0.75,1.0,1.05,False,,0.7906813497824602,"['ranking', 'pinecone', 'qdrant']","['embeddings', 'retrieval', 'hybrid search', 'sentence-transformers', 'faiss', 'elasticsearch', 'opensearch', 'weaviate', 'milvus', 'bge', 'e5']",['career history includes a relevant ML/AI/search/ranking title even though current title differs']
CAND_0070333,AI Research Engineer,4.7,"Bhubaneswar, Odisha",India,0.70088226,0.3,0.0,0.95,0.9400000000000001,0.75,0.8,0.989,False,,0.7895321253947195,"['ranking', 'faiss', 'elasticsearch', 'weaviate', 'milvus']","['embeddings', 'retrieval', 'hybrid search', 'sentence-transformers', 'opensearch', 'pinecone', 'qdrant', 'bge', 'e5']","[""current title 'AI Research Engineer' is a direct match for this JD's target roles""]"
